case_id,holding_id,ruling_direction,pro_ds,primary_concept,concept_cluster,chamber,chamber_grouped,core_holding,direction_justification,p_hat_insample,p_hat_loo,pearson_resid,deviance_resid,loo_surprise,loo_error,cooks_d
C-129/21,1,PRO_DATA_SUBJECT,1,CONSENT_BASIS,LAWFULNESS,FOURTH,FOURTH,"GDPR consent is required for including subscriber personal data in telephone directories published by third-party providers, and such consent may be given to the operator or any directory provider.","Confirms that GDPR-standard consent is required for directory inclusion, strengthening subscriber control over personal data publication.",0.6000853757779593,0.5901530182500077,0.8163513613578837,1.010626875682028,0.40984698174999235,-0.40984698174999235,0.002823241321338116
C-129/21,2,PRO_DATA_SUBJECT,1,RIGHT_TO_ERASURE,RIGHTS,FOURTH,FOURTH,A subscriber's request to withdraw personal data from telephone directories constitutes exercise of the right to erasure under Article 17 GDPR.,"Classifies withdrawal requests as erasure rights under Article 17 GDPR, giving subscribers stronger legal protection than mere rectification.",0.2625866694576393,0.24008979138585346,1.6757883026122826,1.6353434392089832,0.7599102086141465,-0.7599102086141465,0.014874068090789392
C-129/21,3,PRO_DATA_SUBJECT,1,ACCOUNTABILITY,PRINCIPLES,FOURTH,FOURTH,A DPA may require directory providers to take measures to inform third-party controllers (operators and other directory providers) of a subscriber's consent withdrawal.,"Imposes chain notification obligations on controllers to facilitate consent withdrawal, making it easier for subscribers to exercise their rights.",0.764027043415452,0.7592458784033602,0.5557465192809729,0.7336921606524586,0.24075412159663978,-0.24075412159663978,0.0010620226655050598
C-129/21,4,PRO_DATA_SUBJECT,1,RIGHT_TO_ERASURE,RIGHTS,FOURTH,FOURTH,A DPA may order directory providers to take reasonable steps to inform search engines of erasure requests from subscribers.,"Extends directory providers' obligations to include notifying search engines, strengthening the right to be forgotten in the online environment.",0.764027043415452,0.7592458784033602,0.5557465192809729,0.7336921606524586,0.24075412159663978,-0.24075412159663978,0.0010620226655050598
C-132/21,1,PRO_DATA_SUBJECT,1,REMEDIES_COMPENSATION,ENFORCEMENT,FIRST,FIRST,"The remedies under Articles 77-79 GDPR may be exercised concurrently and independently, with Member States setting procedural rules ensuring effective protection and consistent application.","Permits data subjects to pursue multiple remedies concurrently, maximizing avenues for enforcement of their rights.",0.764027043415452,0.7592458784033602,0.5557465192809729,0.7336921606524586,0.24075412159663978,-0.24075412159663978,0.0010620226655050598
C-154/21,1,PRO_DATA_SUBJECT,1,RIGHT_OF_ACCESS,RIGHTS,FIRST,FIRST,"The right of access under Article 15(1)(c) GDPR entails an obligation to provide data subjects with the actual identity of recipients to whom their data have been disclosed, unless identification is impossible or the request is manifestly unfounded or excessive.","The Court interprets the right of access broadly to require disclosure of specific recipient identities, not just categories, thereby enhancing data subject control over their personal data.",0.45051773389779753,0.4269897456420574,1.1043860055654502,1.2628205238952634,0.5730102543579426,-0.5730102543579426,0.009095744545892903
C-169/23,1,PRO_CONTROLLER,0,TRANSPARENCY,PRINCIPLES,THIRD,THIRD,"The exception to the controller's obligation to provide information applies to all personal data not collected directly from the data subject, including data generated by the controller itself.",Broad interpretation of the exception to information obligations reduces controller burdens by exempting them from providing information for controller-generated data when statutory conditions are met.,0.6000853757779593,0.614937267440857,-1.2249627389852658,-1.3538864015126921,0.614937267440857,0.614937267440857,0.006356814174992949
C-169/23,2,MIXED,0,DPA_POWERS,ENFORCEMENT,THIRD,THIRD,"Supervisory authorities are competent to verify whether Member State law provides appropriate protective measures under Article 14(5)(c), but this does not extend to verifying Article 32 security measures.",DPA competence is affirmed for verifying protective measures (pro-data subject) but limited by excluding Article 32 security measures from the scope of review (pro-controller).,0.6000853757779593,0.614937267440857,-1.2249627389852658,-1.3538864015126921,0.614937267440857,0.614937267440857,0.006356814174992949
C-17/22 & C-18/22,1,PRO_DATA_SUBJECT,1,CONTRACT_BASIS,LAWFULNESS,FOURTH,FOURTH,"Processing is necessary for contract performance under Article 6(1)(b) only if objectively indispensable for the main contractual purpose, which is not met when the contract expressly prohibits disclosure.","Sets high threshold for contract necessity requiring objective indispensability, protecting data subjects from disclosure contrary to contractual expectations.",0.6166728816695944,0.5929477289494542,0.7884194811135665,0.9832767374910653,0.40705227105054576,-0.40705227105054576,0.0067513301825603105
C-17/22 & C-18/22,2,PRO_DATA_SUBJECT,1,LEGITIMATE_INTERESTS,LAWFULNESS,FOURTH,FOURTH,"Legitimate interests processing under Article 6(1)(f) requires strict necessity and a balancing test where data subject interests may override, particularly when disclosure was not reasonably expected.","Court emphasizes strict necessity, less intrusive alternatives, data minimisation, and reasonable expectations favoring data subject protection over third party interests.",0.45051773389779753,0.4269897456420575,1.1043860055654502,1.2628205238952634,0.5730102543579425,-0.5730102543579425,0.009095744545892903
C-17/22 & C-18/22,3,NEUTRAL_OR_UNCLEAR,0,LEGAL_OBLIGATION_BASIS,LAWFULNESS,FOURTH,FOURTH,"Legal obligation under Article 6(1)(c) can derive from Member State case-law provided it is clear, precise, foreseeable, meets a public interest objective, and is proportionate.","Court sets out conditions for legal obligation basis without definitively ruling whether German case-law meets them, leaving determination to national court.",0.2762902978278238,0.2956889580031936,-0.6178749946756026,-0.8041951639428147,0.2956889580031936,0.2956889580031936,0.0046980140643687164
C-175/20,1,PRO_DATA_SUBJECT,1,SCOPE_MATERIAL,SCOPE,FIFTH,FIFTH,"The collection by tax authorities of a Member State from an economic operator of personal data is subject to GDPR requirements, including Article 5(1) principles.",Broad interpretation of GDPR scope confirms tax authorities are subject to data protection requirements when collecting personal data.,0.74646557739564,0.7394298136588436,0.5827919889013734,0.764729723577169,0.26057018634115636,-0.26057018634115636,0.0016098773997536813
C-175/20,2,PRO_DATA_SUBJECT,1,MEMBER_STATE_DISCRETION,OTHER,FIFTH,FIFTH,Tax authorities cannot derogate from Article 5(1) GDPR unless granted that right by a legislative measure meeting Article 23(1) requirements.,"Requires explicit legislative basis before tax authorities can limit Article 5(1) rights, preventing unilateral derogation by authorities.",0.45051773389779753,0.4269897456420574,1.1043860055654502,1.2628205238952634,0.5730102543579426,-0.5730102543579426,0.009095744545892903
C-175/20,3,MIXED,0,DATA_PROTECTION_PRINCIPLES,PRINCIPLES,FIFTH,FIFTH,Tax authorities may require disclosure of taxpayer data from internet service providers provided the data are necessary for specific purposes and collection period does not exceed strict necessity.,Permits tax authority data collection but imposes strict necessity and purpose limitation requirements protecting data subjects.,0.6166728816695944,0.6539620307187989,-1.2683603380329491,-1.3848224142289869,0.6539620307187989,0.6539620307187989,0.017472697608866296
C-180/21,1,NEUTRAL_OR_UNCLEAR,0,DATA_PROTECTION_PRINCIPLES,PRINCIPLES,FIFTH,FIFTH,"Processing personal data for prosecution serves a different purpose than collection for detection and investigation, but such subsequent processing is permitted under Directive 2016/680 Article 4(2) conditions.","The Court clarifies that different purposes exist but permits subsequent processing under specified conditions, neither expanding nor restricting data subject rights.",0.1628781479670785,0.16902418355058443,-0.44110001411471,-0.5962979745218625,0.16902418355058443,0.16902418355058443,0.001256228164032401
C-180/21,2,PRO_DATA_SUBJECT,1,SCOPE_MATERIAL,SCOPE,FIFTH,FIFTH,The GDPR applies to processing of personal data by a public prosecutor's office when defending the State in civil damages proceedings using data originally collected for criminal purposes.,"The Court interprets GDPR scope broadly to include processing by public authorities for civil defense purposes, ensuring data protection applies.",0.6000853757779593,0.5901530182500077,0.8163513613578837,1.010626875682028,0.40984698174999235,-0.40984698174999235,0.002823241321338116
C-180/21,3,PRO_CONTROLLER,0,PUBLIC_INTEREST_BASIS,LAWFULNESS,FIFTH,FIFTH,Processing personal data by a public prosecutor's office for State defense in damages proceedings may be lawful under Article 6(1)(e) GDPR as a task carried out in the public interest.,"The Court permits public authorities to process personal data for litigation defense under the public interest basis, facilitating their defensive capabilities.",0.1628781479670785,0.16902418355058443,-0.44110001411471,-0.5962979745218625,0.16902418355058443,0.16902418355058443,0.001256228164032401
C-182/22 & C-189/22,1,NEUTRAL_OR_UNCLEAR,0,REMEDIES_COMPENSATION,ENFORCEMENT,THIRD,THIRD,"The right to compensation under Article 82(1) GDPR fulfils an exclusively compensatory function, not a punitive or deterrent one.",The holding clarifies the nature of compensation without expanding or restricting rights; it confirms compensation must be full but not punitive.,0.2625866694576393,0.2707101693059449,-0.5967340850420819,-0.780521256062378,0.2707101693059449,0.2707101693059449,0.0018860497588067875
C-182/22 & C-189/22,2,MIXED,0,REMEDIES_COMPENSATION,ENFORCEMENT,THIRD,THIRD,The severity and intentional nature of a GDPR infringement need not be taken into account when determining compensation under Article 82(1).,"The holding benefits controllers by not increasing compensation for intentional violations, but also confirms presumed fault liability.",0.4345029753363331,0.46026780797649036,-0.8765591250415373,-1.0677548827944359,0.46026780797649036,0.46026780797649036,0.008005969175759535
C-182/22 & C-189/22,3,PRO_DATA_SUBJECT,1,REMEDIES_COMPENSATION,ENFORCEMENT,THIRD,THIRD,Non-material damage from a data breach is not by its nature less significant than physical injury when determining compensation.,Elevating non-material damage to equal status with physical injury strengthens data subject compensation rights.,0.764027043415452,0.7592458784033602,0.5557465192809729,0.7336921606524586,0.24075412159663978,-0.24075412159663978,0.0010620226655050598
C-182/22 & C-189/22,4,MIXED,0,REMEDIES_COMPENSATION,ENFORCEMENT,THIRD,THIRD,Courts may award minimal compensation for non-serious damage provided it fully compensates the damage actually suffered.,Confirms no de minimis threshold (pro-data subject) but permits minimal/symbolic awards for minor damage (pro-controller).,0.4345029753363331,0.46026780797649036,-0.8765591250415373,-1.0677548827944359,0.46026780797649036,0.46026780797649036,0.008005969175759535
C-182/22 & C-189/22,5,PRO_DATA_SUBJECT,1,REMEDIES_COMPENSATION,ENFORCEMENT,THIRD,THIRD,"Identity theft requires actual misuse of identity by a third party, but compensation for data theft is not limited to cases of proven identity theft.","Clarifies that compensation is available for data theft even without proven identity theft or fraud, lowering the burden for claimants.",0.74646557739564,0.7394298136588436,0.5827919889013734,0.764729723577169,0.26057018634115636,-0.26057018634115636,0.0016098773997536813
C-184/20,1,PRO_DATA_SUBJECT,1,LEGAL_OBLIGATION_BASIS,LAWFULNESS,GRAND_CHAMBER,GRAND_CHAMBER,"Online publication of declarations of private interests is precluded where it includes name-specific data about declarant's spouse, close relatives, or transactions exceeding EUR 3000.","Court restricts scope of permissible online publication of personal data, requiring proportionality assessment that favors privacy over transparency.",0.8349269113527461,0.8271795731364205,0.4446455075375096,0.6006847580494233,0.17282042686357946,-0.17282042686357946,0.001615007966299825
C-184/20,2,PRO_DATA_SUBJECT,1,SPECIAL_CATEGORIES_DEFINITION,SPECIAL_CATEGORIES,GRAND_CHAMBER,GRAND_CHAMBER,Personal data liable to indirectly reveal sexual orientation constitutes processing of special categories of personal data under Article 9(1) GDPR.,Broad interpretation of special categories to include indirect revelation of sensitive data expands protection for data subjects.,0.764027043415452,0.7592458784033602,0.5557465192809729,0.7336921606524586,0.24075412159663978,-0.24075412159663978,0.0010620226655050598
C-200/23,1,NEUTRAL_OR_UNCLEAR,0,OTHER,OTHER,FIRST,FIRST,Directive 2017/1132 does not oblige Member States to permit disclosure of personal data in company constitutive instruments beyond minimum required data.,This holding clarifies scope of EU directive without expanding or restricting data subject rights.,0.41131344370371387,0.4297170959529247,-0.8358808836907081,-1.029428384555569,0.4297170959529247,0.4297170959529247,0.005428487871323692
C-200/23,2,PRO_DATA_SUBJECT,1,CONTROLLER_DEFINITION,ACTORS,FIRST,FIRST,"The authority maintaining the commercial register is both a recipient and controller of personal data it publishes, even for non-required data.",Broad interpretation of controller definition ensures commercial register authority bears GDPR obligations for all published data.,0.764027043415452,0.7592458784033603,0.5557465192809729,0.7336921606524586,0.24075412159663967,-0.24075412159663967,0.0010620226655050598
C-200/23,3,PRO_DATA_SUBJECT,1,RIGHT_TO_ERASURE,RIGHTS,FIRST,FIRST,A Member State cannot refuse erasure requests for non-required personal data solely because redacted document copies were not provided by the applicant.,Data subjects can obtain erasure of non-required personal data from commercial registers without needing third-party cooperation.,0.8349269113527461,0.8271795731364205,0.4446455075375096,0.6006847580494233,0.17282042686357946,-0.17282042686357946,0.001615007966299825
C-200/23,4,PRO_DATA_SUBJECT,1,PERSONAL_DATA_SCOPE,SCOPE,FIRST,FIRST,A handwritten signature of a natural person constitutes personal data under the GDPR.,Broad interpretation of personal data to include handwritten signatures expands scope of GDPR protection.,0.74646557739564,0.7394298136588435,0.5827919889013734,0.764729723577169,0.2605701863411565,-0.2605701863411565,0.0016098773997536813
C-200/23,5,MIXED,0,REMEDIES_COMPENSATION,ENFORCEMENT,FIRST,FIRST,Loss of control over personal data for a limited period may constitute compensable non-material damage if the data subject proves actual damage occurred.,Broad concept of damage favors data subjects but requirement to prove actual damage creates a threshold that may limit recovery.,0.764027043415452,0.7793775026395677,-1.799381489134905,-1.6994340653676379,0.7793775026395677,0.7793775026395677,0.011133373519061525
C-200/23,6,PRO_DATA_SUBJECT,1,REMEDIES_COMPENSATION,ENFORCEMENT,FIRST,FIRST,A non-binding supervisory authority opinion cannot exempt the controller from liability under Article 82(3) GDPR.,"Controllers cannot escape liability by relying on DPA opinions, maintaining strong accountability standards.",0.6000853757779593,0.5901530182500077,0.8163513613578837,1.010626875682028,0.40984698174999235,-0.40984698174999235,0.002823241321338116
C-203/22,1,PRO_DATA_SUBJECT,1,RIGHT_OF_ACCESS,RIGHTS,FIRST,FIRST,"In automated decision-making including profiling, data subjects may require controllers to explain in a concise, transparent, and intelligible form the procedure and principles actually applied to their personal data.","Broad interpretation of meaningful information requires controllers to explain procedure and principles of automated processing, enhancing data subject understanding and ability to exercise rights.",0.764027043415452,0.7592458784033603,0.5557465192809729,0.7336921606524586,0.24075412159663967,-0.24075412159663967,0.0010620226655050598
C-203/22,2,MIXED,0,RIGHT_OF_ACCESS,RIGHTS,FIRST,FIRST,"When information under Article 15(1)(h) contains third-party data or trade secrets, the controller must provide it to the supervisory authority or court to balance competing interests.","Balances data subject access rights against trade secrets and third-party rights, requiring case-by-case assessment rather than blanket exclusions; invalidates Austrian provision creating automatic exception.",0.6388753246488945,0.6631077273189944,-1.3300852427985554,-1.4272575234969147,0.6631077273189944,0.6631077273189944,0.011688133311203733
C-205/21,1,NEUTRAL_OR_UNCLEAR,0,SPECIAL_CATEGORIES_CONDITIONS,SPECIAL_CATEGORIES,FIFTH,FIFTH,"Processing of biometric and genetic data by police is authorized by Member State law if that law contains a sufficiently clear and precise legal basis, even if it incorrectly references the GDPR instead of Directive 2016/680.",The holding clarifies technical transposition requirements without expanding or restricting substantive data protection rights.,0.41131344370371387,0.4297170959529246,-0.8358808836907081,-1.029428384555569,0.4297170959529246,0.4297170959529246,0.005428487871323692
C-205/21,2,PRO_CONTROLLER,0,SPECIAL_CATEGORIES_CONDITIONS,SPECIAL_CATEGORIES,FIFTH,FIFTH,"National legislation may allow courts to authorize compulsory collection of biometric and genetic data from accused persons without assessing evidence, provided effective judicial review is subsequently guaranteed.","The holding permits compulsory data collection without full judicial review at the initial stage, favoring law enforcement operational needs over immediate data subject protection.",0.45051773389779753,0.4698686102238902,-0.9054805064140953,-1.0943297295136225,0.4698686102238902,0.4698686102238902,0.006114411667564095
C-205/21,3,PRO_DATA_SUBJECT,1,SPECIAL_CATEGORIES_CONDITIONS,SPECIAL_CATEGORIES,FIFTH,FIFTH,National legislation providing for systematic collection of biometric and genetic data of all persons accused of intentional public prosecution offences is precluded without verification that collection is strictly necessary.,"The holding prohibits systematic blanket collection of sensitive biometric and genetic data, requiring individualized necessity assessment and limiting law enforcement discretion.",0.6388753246488945,0.6250391646642423,0.751831512289032,0.9466213115461535,0.37496083533575775,-0.37496083533575775,0.003734455217942424
C-231/22,1,PRO_DATA_SUBJECT,1,CONTROLLER_DEFINITION,ACTORS,THIRD,THIRD,"An official journal may be classified as a controller of personal data in published documents even without legal personality, where national law determines the purposes and means of processing.",Broad interpretation of controller definition to include official journals ensures data subjects can exercise their rights against the publishing entity.,0.764027043415452,0.7592458784033602,0.5557465192809729,0.7336921606524586,0.24075412159663978,-0.24075412159663978,0.0010620226655050598
C-231/22,2,NEUTRAL_OR_UNCLEAR,0,ACCOUNTABILITY,PRINCIPLES,THIRD,THIRD,The official journal is solely responsible for compliance with Article 5(1) principles for its processing operations unless national law establishes joint responsibility with other entities in the processing chain.,The holding clarifies allocation of responsibility without expanding or restricting either controller obligations or data subject rights.,0.6000853757779593,0.6149372674408571,-1.2249627389852658,-1.3538864015126921,0.6149372674408571,0.6149372674408571,0.006356814174992949
C-245/20,1,PRO_CONTROLLER,0,DPA_POWERS,ENFORCEMENT,FIRST,FIRST,"Courts making documents containing personal data available to journalists for reporting falls within their judicial capacity, excluding DPA supervisory competence.","Court interprets judicial capacity exception broadly to exclude DPA oversight, limiting data subjects' ability to complain to supervisory authority about court data processing.",0.5455155553296872,0.615639011190848,-1.0955799044117749,-1.255859539198651,0.615639011190848,0.615639011190848,0.028303059240595303
C-247/23,1,PRO_DATA_SUBJECT,1,RIGHT_TO_RECTIFICATION,RIGHTS,FIRST,FIRST,A national authority keeping a public register must rectify personal data relating to gender identity where those data are inaccurate under the accuracy principle.,Broad interpretation of rectification right prevents Member States from limiting gender identity rectification through absence of national procedures.,0.8349269113527461,0.8271795731364205,0.4446455075375096,0.6006847580494233,0.17282042686357946,-0.17282042686357946,0.001615007966299825
C-247/23,2,PRO_DATA_SUBJECT,1,RIGHT_TO_RECTIFICATION,RIGHTS,FIRST,FIRST,Member States cannot require proof of gender reassignment surgery as condition for exercising the right to rectification of gender identity data in public registers.,"Prohibits surgery requirement for gender identity rectification, protecting transgender persons from disproportionate evidentiary burdens.",0.8349269113527461,0.8271795731364205,0.4446455075375096,0.6006847580494233,0.17282042686357946,-0.17282042686357946,0.001615007966299825
C-252/21,1,NEUTRAL_OR_UNCLEAR,0,DPA_POWERS,ENFORCEMENT,GRAND_CHAMBER,GRAND_CHAMBER,"A national competition authority may find that a dominant undertaking's data processing terms are inconsistent with the GDPR when necessary to establish abuse of dominance, subject to sincere cooperation with data protection supervisory authorities.","The holding addresses institutional competence allocation between competition and data protection authorities, not substantive rights of data subjects or controllers.",0.2625866694576393,0.2707101693059449,-0.5967340850420819,-0.780521256062378,0.2707101693059449,0.2707101693059449,0.0018860497588067875
C-252/21,2,PRO_DATA_SUBJECT,1,SPECIAL_CATEGORIES_DEFINITION,SPECIAL_CATEGORIES,GRAND_CHAMBER,GRAND_CHAMBER,"Collection and linking of off-platform data revealing sensitive categories constitutes prohibited processing of special categories of personal data, regardless of whether the revealed information concerns the user or another person.","Broad interpretation of special categories to include data that can reveal sensitive information extends protection to users whose browsing behavior may reveal health, political, or sexual orientation data.",0.764027043415452,0.7592458784033603,0.5557465192809729,0.7336921606524586,0.24075412159663967,-0.24075412159663967,0.0010620226655050598
C-252/21,3,PRO_DATA_SUBJECT,1,SPECIAL_CATEGORIES_CONDITIONS,SPECIAL_CATEGORIES,GRAND_CHAMBER,GRAND_CHAMBER,Merely visiting websites does not constitute manifestly making data public; entering information or clicking buttons only does so where the user explicitly chose to make data accessible to an unlimited number of persons.,Narrow interpretation of the manifestly made public exception prevents social networks from claiming user browsing or interaction implies public disclosure of sensitive data.,0.764027043415452,0.7592458784033603,0.5557465192809729,0.7336921606524586,0.24075412159663967,-0.24075412159663967,0.0010620226655050598
C-252/21,4,PRO_DATA_SUBJECT,1,CONTRACT_BASIS,LAWFULNESS,GRAND_CHAMBER,GRAND_CHAMBER,"Processing of off-platform data is necessary for contract performance only if objectively indispensable for a purpose integral to the contractual obligation, such that the contract's main subject matter cannot be achieved without it.",Strict interpretation of contract necessity prevents social networks from bundling unnecessary data processing into service contracts and claiming contractual basis.,0.6388753246488945,0.6250391646642424,0.751831512289032,0.9466213115461535,0.37496083533575764,-0.37496083533575764,0.003734455217942424
C-252/21,5,PRO_DATA_SUBJECT,1,LEGITIMATE_INTERESTS,LAWFULNESS,GRAND_CHAMBER,GRAND_CHAMBER,"Processing for legitimate interests requires informing users of the specific interest pursued, strict necessity, and a balancing test where users' interests and fundamental rights do not override the controller's legitimate interest.",Users' fundamental rights and reasonable expectations override controller's advertising interests; extensive tracking creates a feeling of continuous surveillance that overrides commercial interests.,0.6388753246488945,0.6250391646642424,0.751831512289032,0.9466213115461535,0.37496083533575764,-0.37496083533575764,0.003734455217942424
C-252/21,6,NEUTRAL_OR_UNCLEAR,0,LEGAL_OBLIGATION_BASIS,LAWFULNESS,GRAND_CHAMBER,GRAND_CHAMBER,"Processing for legal obligation compliance requires actual necessity pursuant to EU or Member State law meeting a public interest objective, proportionality to the legitimate aim, and strict necessity in the processing carried out.",The holding provides interpretive guidance on the legal obligation basis without decisively expanding or limiting its scope.,0.1628781479670785,0.16902418355058438,-0.44110001411471,-0.5962979745218625,0.16902418355058438,0.16902418355058438,0.001256228164032401
C-252/21,7,PRO_DATA_SUBJECT,1,VITAL_INTERESTS_BASIS,LAWFULNESS,GRAND_CHAMBER,GRAND_CHAMBER,A social network operator cannot in principle rely on vital interests or public interest/official authority bases to justify off-platform data collection given its essentially commercial nature.,Limiting commercial entities from invoking vital interests or public interest bases prevents abuse of these narrow exceptions by private platforms.,0.764027043415452,0.7592458784033603,0.5557465192809729,0.7336921606524586,0.24075412159663967,-0.24075412159663967,0.0010620226655050598
C-252/21,8,MIXED,0,CONSENT_BASIS,LAWFULNESS,GRAND_CHAMBER,GRAND_CHAMBER,"A dominant position does not per se preclude valid consent, but is an important factor in assessing whether consent was freely given, particularly regarding imbalance of power and bundling of unnecessary processing.","Dominant position does not automatically invalidate consent (pro-controller), but must be considered as important factor affecting freedom of choice and requires option to refuse without detriment (pro-data subject).",0.6388753246488945,0.6631077273189944,-1.3300852427985554,-1.4272575234969147,0.6631077273189944,0.6631077273189944,0.011688133311203733
C-26/22 & C-64/22,1,PRO_DATA_SUBJECT,1,DPA_POWERS,ENFORCEMENT,FIRST,FIRST,"A supervisory authority decision on a complaint is subject to full judicial review, not merely procedural review of whether the complaint was handled.","Establishes full judicial review of DPA decisions, strengthening data subject remedies against inadequate supervisory authority responses.",0.764027043415452,0.7592458784033603,0.5557465192809729,0.7336921606524586,0.24075412159663967,-0.24075412159663967,0.0010620226655050598
C-26/22 & C-64/22,2,PRO_DATA_SUBJECT,1,LEGITIMATE_INTERESTS,LAWFULNESS,FIRST,FIRST,Credit agencies cannot retain insolvency discharge data beyond the public register retention period as this fails the legitimate interest balancing test.,"Limits credit agency data retention to public register period, restricting controller processing and prioritizing data subject rehabilitation interests.",0.6388753246488945,0.6250391646642423,0.751831512289032,0.9466213115461535,0.37496083533575775,-0.37496083533575775,0.003734455217942424
C-26/22 & C-64/22,3,PRO_DATA_SUBJECT,1,RIGHT_TO_ERASURE,RIGHTS,FIRST,FIRST,Data subjects have the right to erasure when they object to processing and the controller cannot demonstrate overriding legitimate grounds.,Confirms erasure right when data subject objects and places burden on controller to demonstrate overriding legitimate grounds.,0.1628781479670785,0.1333145573790366,2.267059549462024,1.90512619856047,0.8666854426209634,-0.8666854426209634,0.033183350820619274
C-26/22 & C-64/22,4,PRO_DATA_SUBJECT,1,RIGHT_TO_ERASURE,RIGHTS,FIRST,FIRST,Controllers must erase unlawfully processed personal data as soon as possible without undue delay.,"Affirms immediate erasure obligation for unlawfully processed data, strengthening data subject remedies.",0.41131344370371387,0.38515900901779887,1.1963427075538025,1.3329664049756416,0.6148409909822011,-0.6148409909822011,0.011119910678631493
C-268/21,1,NEUTRAL_OR_UNCLEAR,0,LEGAL_OBLIGATION_BASIS,LAWFULNESS,THIRD,THIRD,Article 6(3) and (4) GDPR applies to the production in civil court proceedings of documents containing personal data originally collected for other purposes such as tax inspection.,The holding clarifies the scope of GDPR application to civil proceedings without expanding or restricting rights of either party.,0.1628781479670785,0.16902418355058443,-0.44110001411471,-0.5962979745218625,0.16902418355058443,0.16902418355058443,0.001256228164032401
C-268/21,2,PRO_DATA_SUBJECT,1,DATA_PROTECTION_PRINCIPLES,PRINCIPLES,THIRD,THIRD,"When ordering document production containing personal data, national courts must balance data subject interests against other interests, applying proportionality and data minimisation principles.","Requires courts to actively consider data subject interests and apply data minimisation, including pseudonymisation and access restrictions, when ordering document production.",0.8349269113527461,0.8271795731364205,0.4446455075375096,0.6006847580494233,0.17282042686357946,-0.17282042686357946,0.001615007966299825
C-272/19,1,PRO_DATA_SUBJECT,1,CONTROLLER_DEFINITION,ACTORS,THIRD,THIRD,A petitions committee of a federated state parliament that determines purposes and means of processing personal data is a controller under the GDPR.,Broad interpretation of controller definition to include parliamentary committees expands GDPR scope and enables data subject access rights.,0.74646557739564,0.7394298136588435,0.5827919889013734,0.764729723577169,0.2605701863411565,-0.2605701863411565,0.0016098773997536813
C-300/21,1,PRO_CONTROLLER,0,REMEDIES_COMPENSATION,ENFORCEMENT,THIRD,THIRD,The mere infringement of GDPR provisions is not sufficient to confer a right to compensation; actual damage must be proven.,"Requires proof of actual damage beyond mere GDPR infringement, limiting compensation claims.",0.41131344370371387,0.4297170959529245,-0.8358808836907081,-1.029428384555569,0.4297170959529245,0.4297170959529245,0.005428487871323692
C-300/21,2,PRO_DATA_SUBJECT,1,REMEDIES_COMPENSATION,ENFORCEMENT,THIRD,THIRD,National rules cannot make compensation for non-material damage conditional on the damage reaching a certain threshold of seriousness.,Broad interpretation of damage concept prevents Member States from imposing seriousness thresholds that would limit compensation claims.,0.764027043415452,0.7592458784033602,0.5557465192809729,0.7336921606524586,0.24075412159663978,-0.24075412159663978,0.0010620226655050598
C-300/21,3,MIXED,0,REMEDIES_COMPENSATION,ENFORCEMENT,THIRD,THIRD,"National courts apply domestic rules to determine damages amounts, subject to principles of equivalence and effectiveness ensuring full and effective compensation.","Defers to national law on quantum but requires full and effective compensation, balancing procedural autonomy with data subject protection.",0.2625866694576393,0.270710169305945,-0.5967340850420819,-0.780521256062378,0.270710169305945,0.270710169305945,0.0018860497588067875
C-306/21,1,PRO_DATA_SUBJECT,1,SCOPE_MATERIAL,SCOPE,EIGHTH,OTHER,Processing of personal data in the context of organizing elections in a Member State falls within the scope of the GDPR and is not excluded by Article 2(2)(a).,"Broad interpretation of GDPR scope includes election-related data processing, rejecting narrow national security exception.",0.6000853757779593,0.5901530182500075,0.8163513613578837,1.010626875682028,0.40984698174999246,-0.40984698174999246,0.002823241321338116
C-306/21,2,PRO_DATA_SUBJECT,1,DPA_POWERS,ENFORCEMENT,EIGHTH,OTHER,Competent authorities may adopt administrative measures limiting or prohibiting video recording during the vote count at polling stations in elections.,"Confirms DPA power to restrict data processing activities to protect personal data during elections, applying data minimisation principle.",0.45051773389779753,0.42698974564205755,1.1043860055654502,1.2628205238952634,0.5730102543579425,-0.5730102543579425,0.009095744545892903
C-307/22,1,PRO_DATA_SUBJECT,1,RIGHT_OF_ACCESS,RIGHTS,FIRST,FIRST,The controller must provide a data subject with a first free copy of personal data undergoing processing regardless of the reasons stated for the access request.,Strengthens right of access by confirming no justification is required for requesting a first free copy of personal data.,0.764027043415452,0.7592458784033603,0.5557465192809729,0.7336921606524586,0.24075412159663967,-0.24075412159663967,0.0010620226655050598
C-307/22,2,PRO_DATA_SUBJECT,1,MEMBER_STATE_DISCRETION,OTHER,FIRST,FIRST,National legislation cannot require data subjects to bear the costs of a first copy of personal data in order to protect the economic interests of controllers.,Limits Member State discretion to restrict right of access and rejects economic interests of controllers as valid justification.,0.8349269113527461,0.8271795731364205,0.4446455075375096,0.6006847580494233,0.17282042686357946,-0.17282042686357946,0.001615007966299825
C-307/22,3,PRO_DATA_SUBJECT,1,RIGHT_OF_ACCESS,RIGHTS,FIRST,FIRST,"The right to a copy of personal data in medical records includes full copies of documents when necessary to ensure data are faithful, intelligible, and verifiable.","Expands scope of copy right to include full document copies when necessary for intelligibility, especially for sensitive health data.",0.764027043415452,0.7592458784033603,0.5557465192809729,0.7336921606524586,0.24075412159663967,-0.24075412159663967,0.0010620226655050598
C-311/18,1,PRO_DATA_SUBJECT,1,SCOPE_MATERIAL,SCOPE,GRAND_CHAMBER,GRAND_CHAMBER,The GDPR applies to commercial data transfers to third countries even when data may subsequently be processed by third country authorities for national security purposes.,Broad interpretation of GDPR scope ensures data protection continues to apply even when data may be accessed by foreign governments.,0.6000853757779593,0.5901530182500077,0.8163513613578837,1.010626875682028,0.40984698174999235,-0.40984698174999235,0.002823241321338116
C-311/18,2,PRO_DATA_SUBJECT,1,INTERNATIONAL_TRANSFER,OTHER,GRAND_CHAMBER,GRAND_CHAMBER,Standard contractual clauses must ensure a level of protection essentially equivalent to that guaranteed within the EU by the GDPR read in light of the Charter.,"Imposes high standard of essentially equivalent protection for international transfers, requiring assessment of third country legal systems.",0.6388753246488945,0.6250391646642424,0.751831512289032,0.9466213115461535,0.37496083533575764,-0.37496083533575764,0.003734455217942424
C-311/18,3,PRO_DATA_SUBJECT,1,DPA_POWERS,ENFORCEMENT,GRAND_CHAMBER,GRAND_CHAMBER,Supervisory authorities must suspend or prohibit transfers to third countries when standard clauses cannot be complied with and protection cannot be ensured by other means.,Strengthens supervisory authority powers and creates obligation to act when transfer safeguards are inadequate.,0.764027043415452,0.7592458784033603,0.5557465192809729,0.7336921606524586,0.24075412159663967,-0.24075412159663967,0.0010620226655050598
C-311/18,4,MIXED,0,INTERNATIONAL_TRANSFER,OTHER,GRAND_CHAMBER,GRAND_CHAMBER,The SCC Decision remains valid as it contains effective mechanisms to ensure compliance with EU protection standards through controller obligations and supervisory authority powers.,Upholds validity of SCCs but imposes significant assessment obligations on controllers before transferring data.,0.45051773389779753,0.4698686102238903,-0.9054805064140953,-1.0943297295136225,0.4698686102238903,0.4698686102238903,0.006114411667564095
C-311/18,5,PRO_DATA_SUBJECT,1,INTERNATIONAL_TRANSFER,OTHER,GRAND_CHAMBER,GRAND_CHAMBER,The Privacy Shield Decision is invalid because US surveillance programmes and ombudsperson mechanism do not ensure essentially equivalent protection to EU fundamental rights standards.,Invalidates Privacy Shield due to inadequate protection against US surveillance and lack of effective judicial remedies for EU data subjects.,0.8349269113527461,0.8271795731364205,0.4446455075375096,0.6006847580494233,0.17282042686357946,-0.17282042686357946,0.001615007966299825
"C-313/23, C-316/23 & C-332/23",1,NEUTRAL_OR_UNCLEAR,0,OTHER,OTHER,FIRST,FIRST,Judicial independence precludes indefinite extension of terms of office of members of a judicial disciplinary body without express legal basis and time limits.,This holding concerns judicial independence requirements rather than data protection rights of individuals versus controller interests.,0.764027043415452,0.7793775026395677,-1.799381489134905,-1.6994340653676379,0.7793775026395677,0.7793775026395677,0.011133373519061525
"C-313/23, C-316/23 & C-332/23",2,PRO_DATA_SUBJECT,1,SCOPE_MATERIAL,SCOPE,FIRST,FIRST,Disclosure of banking data concerning judges and family members for integrity verification falls within the material scope of the GDPR.,Broad interpretation of GDPR scope ensures data protection applies to judges' and family members' banking data.,0.6000853757779593,0.5901530182500075,0.8163513613578837,1.010626875682028,0.40984698174999246,-0.40984698174999246,0.002823241321338116
"C-313/23, C-316/23 & C-332/23",3,NEUTRAL_OR_UNCLEAR,0,CONTROLLER_DEFINITION,ACTORS,FIRST,FIRST,A court authorizing disclosure of personal data to another judicial body is not a controller when it only verifies legal conditions without determining processing purposes.,Neither expands nor restricts data subject rights; clarifies that the authorizing court lacks sufficient control over processing to be a controller.,0.74646557739564,0.7669439934042006,-1.7158780808856362,-1.6566566788584345,0.7669439934042006,0.7669439934042006,0.013955278563714315
"C-313/23, C-316/23 & C-332/23",4,NEUTRAL_OR_UNCLEAR,0,DPA_OTHER,ENFORCEMENT,FIRST,FIRST,A court authorizing data disclosure is not a supervisory authority unless entrusted by the Member State with monitoring GDPR application.,Clarifies institutional roles without expanding or restricting data subject rights directly.,0.6000853757779593,0.614937267440857,-1.2249627389852658,-1.3538864015126921,0.614937267440857,0.614937267440857,0.006356814174992949
"C-313/23, C-316/23 & C-332/23",5,PRO_CONTROLLER,0,REMEDIES_COMPENSATION,ENFORCEMENT,FIRST,FIRST,A court authorizing data disclosure is not required to ensure data security compliance of its own motion when no Article 79 action is pending before it.,Limits judicial scrutiny of data security to cases where data subjects actively bring claims; authorizing courts need not investigate past breaches of their own motion.,0.6000853757779593,0.614937267440857,-1.2249627389852658,-1.3538864015126921,0.614937267440857,0.614937267440857,0.006356814174992949
C-319/20,1,PRO_DATA_SUBJECT,1,REPRESENTATIVE_ACTIONS,ENFORCEMENT,THIRD,THIRD,Article 80(2) GDPR permits national legislation allowing consumer protection associations to bring representative actions without mandate and independently of specific data subject rights infringements.,Broad interpretation of Article 80(2) allowing representative actions without mandate strengthens data subject rights through collective enforcement mechanisms.,0.764027043415452,0.7592458784033602,0.5557465192809729,0.7336921606524586,0.24075412159663978,-0.24075412159663978,0.0010620226655050598
C-33/22,1,PRO_DATA_SUBJECT,1,SCOPE_MATERIAL,SCOPE,GRAND_CHAMBER,GRAND_CHAMBER,Parliamentary committee of inquiry activities are not excluded from GDPR scope merely because they are carried out by parliament exercising its power of scrutiny over the executive.,Broad interpretation of GDPR scope extends protection to data subjects even when data is processed by parliamentary bodies.,0.6000853757779593,0.5901530182500075,0.8163513613578837,1.010626875682028,0.40984698174999246,-0.40984698174999246,0.002823241321338116
C-33/22,2,PRO_DATA_SUBJECT,1,SCOPE_MATERIAL,SCOPE,GRAND_CHAMBER,GRAND_CHAMBER,Parliamentary inquiry into political influence over a police state-protection authority is not a national security activity excluded from GDPR scope under Article 2(2)(a).,Narrow interpretation of national security exception ensures data subjects retain GDPR protection even when processing relates to entities with security functions.,0.6000853757779593,0.5901530182500075,0.8163513613578837,1.010626875682028,0.40984698174999246,-0.40984698174999246,0.002823241321338116
C-33/22,3,PRO_DATA_SUBJECT,1,DPA_POWERS,ENFORCEMENT,GRAND_CHAMBER,GRAND_CHAMBER,"Where a Member State establishes only one supervisory authority, Articles 77(1) and 55(1) GDPR directly confer competence on that authority to hear complaints about parliamentary committee data processing.",Direct effect of complaint provisions ensures data subjects can enforce their rights through DPA regardless of Member State constitutional arrangements.,0.6871798331518644,0.6468214415993088,0.6747022659870269,0.8662092762672273,0.35317855840069123,-0.35317855840069123,0.010869839926863368
C-34/21,1,PRO_DATA_SUBJECT,1,MEMBER_STATE_DISCRETION,OTHER,FIRST,FIRST,National legislation cannot constitute a more specific rule under Article 88(1) GDPR where it does not satisfy the conditions laid down in Article 88(2) GDPR.,Limits Member State discretion by requiring compliance with Article 88(2) safeguards for employees as data subjects.,0.6000853757779593,0.5901530182500075,0.8163513613578837,1.010626875682028,0.40984698174999246,-0.40984698174999246,0.002823241321338116
C-34/21,2,MIXED,0,MEMBER_STATE_DISCRETION,OTHER,FIRST,FIRST,Non-compliant national provisions on employee data processing must be disregarded unless they constitute a valid legal basis under Article 6(3) GDPR.,Requires disapplication of non-compliant rules but preserves national provisions if they qualify as valid Article 6(3) legal bases.,0.2625866694576393,0.2707101693059449,-0.5967340850420819,-0.780521256062378,0.2707101693059449,0.2707101693059449,0.0018860497588067875
C-340/21,1,PRO_CONTROLLER,0,SECURITY,OTHER,THIRD,THIRD,A data breach by third parties is not sufficient in itself to establish that the controller's technical and organisational measures were inappropriate under Articles 24 and 32 GDPR.,Controllers are not presumed to have failed merely because a breach occurred; they can rebut allegations with evidence of appropriate measures.,0.74646557739564,0.7669439934042006,-1.7158780808856362,-1.6566566788584345,0.7669439934042006,0.7669439934042006,0.013955278563714315
C-340/21,2,PRO_DATA_SUBJECT,1,SECURITY,OTHER,THIRD,THIRD,"Courts must assess the appropriateness of security measures in a concrete manner, examining risks, nature, content and implementation of those measures.","Courts must perform substantive review of security measures rather than deferring to controller's stated intentions, ensuring effective protection.",0.74646557739564,0.7394298136588435,0.5827919889013734,0.764729723577169,0.2605701863411565,-0.2605701863411565,0.0016098773997536813
C-340/21,3,PRO_DATA_SUBJECT,1,ACCOUNTABILITY,PRINCIPLES,THIRD,THIRD,"In compensation actions under Article 82 GDPR, the controller bears the burden of proving that its security measures were appropriate.",Placing the burden of proof on controllers strengthens data subject rights and ensures effectiveness of the compensation mechanism.,0.74646557739564,0.7394298136588435,0.5827919889013734,0.764729723577169,0.2605701863411565,-0.2605701863411565,0.0016098773997536813
C-340/21,4,NEUTRAL_OR_UNCLEAR,0,SECURITY,OTHER,THIRD,THIRD,An expert report cannot be a systematically necessary and sufficient means of proof for assessing the appropriateness of security measures.,This holding addresses procedural rules on evidence rather than substantively favoring either party.,0.764027043415452,0.7793775026395678,-1.799381489134905,-1.6994340653676379,0.7793775026395678,0.7793775026395678,0.011133373519061525
C-340/21,5,PRO_DATA_SUBJECT,1,REMEDIES_COMPENSATION,ENFORCEMENT,THIRD,THIRD,Controllers cannot be exempt from liability solely because damage resulted from third-party cyberattack; they must prove they were in no way responsible.,Third-party cyberattacks do not automatically exempt controllers; they must still prove complete absence of responsibility.,0.74646557739564,0.7394298136588436,0.5827919889013734,0.764729723577169,0.26057018634115636,-0.26057018634115636,0.0016098773997536813
C-340/21,6,PRO_DATA_SUBJECT,1,REMEDIES_COMPENSATION,ENFORCEMENT,THIRD,THIRD,Fear of possible future misuse of personal data following a breach can in itself constitute compensable non-material damage under Article 82(1) GDPR.,Broad interpretation of non-material damage to include fear of future misuse lowers the threshold for data subjects to claim compensation.,0.74646557739564,0.7394298136588436,0.5827919889013734,0.764729723577169,0.26057018634115636,-0.26057018634115636,0.0016098773997536813
C-383/23,1,PRO_DATA_SUBJECT,1,ADMINISTRATIVE_FINES,ENFORCEMENT,FIFTH,FIFTH,"The term undertaking in Article 83(4)-(6) GDPR corresponds to the competition law concept, so fines must be calculated based on group-wide turnover.",Allowing fines to be calculated on group-wide turnover significantly increases maximum fine amounts and deterrent effect against controllers.,0.2625866694576393,0.2400897913858534,1.6757883026122826,1.6353434392089832,0.7599102086141466,-0.7599102086141466,0.014874068090789392
C-394/23,1,PRO_DATA_SUBJECT,1,DATA_PROTECTION_PRINCIPLES,PRINCIPLES,FIRST,FIRST,Processing customer title data to personalize commercial communication is not necessary for contract performance or legitimate interests under the GDPR.,"Court narrowly interprets contract and legitimate interest bases, finding title data processing not necessary; highlights discrimination risk for gender identity.",0.6388753246488945,0.6250391646642424,0.751831512289032,0.9466213115461535,0.37496083533575764,-0.37496083533575764,0.003734455217942424
C-394/23,2,PRO_DATA_SUBJECT,1,RIGHT_TO_OBJECT,RIGHTS,FIRST,FIRST,The existence of a data subject's right to object cannot be considered when assessing whether processing is necessary under Article 6(1)(f).,Prevents controllers from weakening necessity requirements by arguing data subjects can simply object later.,0.45051773389779753,0.4269897456420574,1.1043860055654502,1.2628205238952634,0.5730102543579426,-0.5730102543579426,0.009095744545892903
C-416/23,1,MIXED,0,DPA_POWERS,ENFORCEMENT,FIRST,FIRST,"The concept of ""request"" in Article 57(4) GDPR covers complaints lodged under Article 57(1)(f) and Article 77(1) GDPR with supervisory authorities.","Expands DPA powers to refuse complaints but only as an exception requiring strict interpretation, balancing DPA efficiency with data subject rights.",0.6000853757779593,0.6149372674408571,-1.2249627389852658,-1.3538864015126921,0.6149372674408571,0.6149372674408571,0.006356814174992949
C-416/23,2,PRO_DATA_SUBJECT,1,DPA_POWERS,ENFORCEMENT,FIRST,FIRST,Requests cannot be classified as excessive solely based on their number; the supervisory authority must demonstrate abusive intention by the complainant.,"Sets high threshold for DPAs to refuse complaints by requiring proof of abusive intent, not mere high volume of complaints.",0.9025034715353483,0.8985068025992112,0.3286776213193646,0.45295196700298357,0.10149319740078877,-0.10149319740078877,0.0007600031768284385
C-416/23,3,MIXED,0,DPA_POWERS,ENFORCEMENT,FIRST,FIRST,"When faced with excessive requests, supervisory authorities may choose between charging a fee or refusing to act, provided the choice is appropriate, necessary, and proportionate.",Gives DPAs discretion but constrains it with proportionality requirements to protect data subjects from arbitrary refusals.,0.6388753246488945,0.6631077273189944,-1.3300852427985554,-1.4272575234969147,0.6631077273189944,0.6631077273189944,0.011688133311203733
C-439/19,1,PRO_DATA_SUBJECT,1,SPECIAL_CATEGORIES_CONDITIONS,SPECIAL_CATEGORIES,GRAND_CHAMBER,GRAND_CHAMBER,Personal data relating to penalty points imposed on drivers for road traffic offences falls within Article 10 GDPR as data relating to criminal offences.,"Expands scope of Article 10 GDPR to cover road traffic offences despite their administrative classification under national law, enhancing data subject protections.",0.6000853757779593,0.5901530182500075,0.8163513613578837,1.010626875682028,0.40984698174999246,-0.40984698174999246,0.002823241321338116
C-439/19,2,PRO_DATA_SUBJECT,1,DATA_PROTECTION_PRINCIPLES,PRINCIPLES,GRAND_CHAMBER,GRAND_CHAMBER,GDPR precludes national legislation obliging public disclosure of penalty points data to anyone without requiring a specific interest.,"Finds public disclosure of penalty points data unlawful as disproportionate, prioritizing data subject privacy over transparency and road safety justifications.",0.8349269113527461,0.8271795731364205,0.4446455075375096,0.6006847580494233,0.17282042686357946,-0.17282042686357946,0.001615007966299825
C-439/19,3,PRO_DATA_SUBJECT,1,DATA_PROTECTION_PRINCIPLES,PRINCIPLES,GRAND_CHAMBER,GRAND_CHAMBER,GDPR precludes national legislation authorizing disclosure of penalty points data to economic operators for re-use purposes.,"Extends prohibition on public disclosure to commercial re-use contexts, limiting commercial exploitation of penalty points data.",0.2625866694576393,0.2400897913858534,1.6757883026122826,1.6353434392089832,0.7599102086141466,-0.7599102086141466,0.014874068090789392
C-439/19,4,NEUTRAL_OR_UNCLEAR,0,OTHER,OTHER,GRAND_CHAMBER,GRAND_CHAMBER,EU law primacy precludes a national constitutional court from maintaining effects of incompatible legislation until its final ruling.,Addresses procedural EU law primacy question rather than substantive data protection rights; neither expands nor limits data subject protections directly.,0.2625866694576393,0.2707101693059449,-0.5967340850420819,-0.780521256062378,0.2707101693059449,0.2707101693059449,0.0018860497588067875
C-446/21,1,PRO_DATA_SUBJECT,1,DATA_MINIMISATION,PRINCIPLES,FOURTH,FOURTH,The data minimisation principle precludes unlimited aggregation and processing of all personal data from a social network platform for targeted advertising purposes.,"Restricts controller's ability to aggregate and process unlimited personal data for advertising, strengthening data subject protection against pervasive tracking.",0.6388753246488945,0.6250391646642424,0.751831512289032,0.9466213115461535,0.37496083533575764,-0.37496083533575764,0.003734455217942424
C-446/21,2,PRO_DATA_SUBJECT,1,SPECIAL_CATEGORIES_CONDITIONS,SPECIAL_CATEGORIES,FOURTH,FOURTH,Making a public statement about sexual orientation does not authorize processing of other data relating to that person's sexual orientation for advertising.,Narrow interpretation of Article 9(2)(e) exception prevents controller from using public disclosure of sensitive data to justify processing other related sensitive data.,0.6388753246488945,0.6250391646642424,0.751831512289032,0.9466213115461535,0.37496083533575764,-0.37496083533575764,0.003734455217942424
C-453/21,1,NEUTRAL_OR_UNCLEAR,0,DPA_OTHER,ENFORCEMENT,SIXTH,OTHER,"National legislation may require just cause for dismissing a DPO beyond GDPR requirements, provided such legislation does not undermine GDPR objectives.","The Court permits Member States discretion to provide stronger DPO protections while allowing dismissal for conflict of interests, balancing both DPO protection and controller flexibility.",0.764027043415452,0.7793775026395678,-1.799381489134905,-1.6994340653676379,0.7793775026395678,0.7793775026395678,0.011133373519061525
C-453/21,2,PRO_DATA_SUBJECT,1,DPA_OTHER,ENFORCEMENT,SIXTH,OTHER,A conflict of interests exists when a DPO is assigned tasks that would result in determining the objectives and methods of personal data processing.,Establishes clear test for conflict of interests that strengthens DPO independence and prevents controllers from undermining supervisory function.,0.6000853757779593,0.5901530182500077,0.8163513613578837,1.010626875682028,0.40984698174999235,-0.40984698174999235,0.002823241321338116
C-456/22,1,MIXED,0,REMEDIES_COMPENSATION,ENFORCEMENT,THIRD,THIRD,Article 82(1) GDPR precludes a de minimis threshold for non-material damage but data subjects must prove actual damage beyond mere infringement.,Rejects de minimis threshold (pro-data subject) but requires proof of actual damage beyond mere infringement (pro-controller).,0.764027043415452,0.7793775026395678,-1.799381489134905,-1.6994340653676379,0.7793775026395678,0.7793775026395678,0.011133373519061525
C-46/23,1,PRO_DATA_SUBJECT,1,DPA_POWERS,ENFORCEMENT,FIFTH,FIFTH,A supervisory authority may order the erasure of unlawfully processed personal data without a prior request from the data subject.,"Expands DPA powers to enforce erasure proactively, strengthening data subject protection even when individuals are unaware of unlawful processing.",0.6000853757779593,0.5901530182500077,0.8163513613578837,1.010626875682028,0.40984698174999235,-0.40984698174999235,0.002823241321338116
C-46/23,2,PRO_DATA_SUBJECT,1,DPA_POWERS,ENFORCEMENT,FIFTH,FIFTH,The supervisory authority's power to order erasure applies regardless of whether data was collected from the data subject or another source.,"Ensures DPA enforcement power is not limited by data source, providing comprehensive protection regardless of how data was obtained.",0.74646557739564,0.7394298136588436,0.5827919889013734,0.764729723577169,0.26057018634115636,-0.26057018634115636,0.0016098773997536813
C-460/20,1,MIXED,0,RIGHT_TO_ERASURE,RIGHTS,GRAND_CHAMBER,GRAND_CHAMBER,De-referencing requests based on alleged inaccuracy are not conditional on prior judicial resolution of accuracy against the content provider.,Establishes that de-referencing is not conditional on prior court action (pro-data subject) but also sets evidentiary burden on data subjects to prove manifest inaccuracy (pro-controller).,0.8349269113527461,0.8734986684655225,-2.248982576732946,-1.898086900888118,0.8734986684655225,0.8734986684655225,0.04131607271546594
C-460/20,2,PRO_DATA_SUBJECT,1,RIGHT_TO_ERASURE,RIGHTS,GRAND_CHAMBER,GRAND_CHAMBER,"For thumbnail image de-referencing requests, the informative value of photographs must be assessed independently regardless of original publication context.",Requires autonomous assessment of thumbnail displays favoring de-referencing since photographs outside original context have limited informative value while causing significant privacy interference.,0.8349269113527461,0.8271795731364205,0.4446455075375096,0.6006847580494233,0.17282042686357946,-0.17282042686357946,0.001615007966299825
C-461/22,1,PRO_DATA_SUBJECT,1,CONTROLLER_DEFINITION,ACTORS,NINTH,OTHER,A former guardian who performed duties professionally is a controller under Article 4(7) GDPR and must comply with the regulation including the right of access.,"The Court confirms that a former guardian is a controller, thereby ensuring the data subject can exercise access rights against them.",0.74646557739564,0.7394298136588435,0.5827919889013734,0.764729723577169,0.2605701863411565,-0.2605701863411565,0.0016098773997536813
C-487/21,1,PRO_DATA_SUBJECT,1,RIGHT_OF_ACCESS,RIGHTS,FIRST,FIRST,"The right to obtain a copy of personal data under Article 15(3) GDPR requires a faithful and intelligible reproduction of all data, including document extracts or entire documents where necessary for effective exercise of rights.",Expands the right of access to include copies of documents and database extracts where necessary to exercise rights effectively.,0.6388753246488945,0.6250391646642423,0.751831512289032,0.9466213115461535,0.37496083533575775,-0.37496083533575775,0.003734455217942424
C-487/21,2,NEUTRAL_OR_UNCLEAR,0,RIGHT_OF_ACCESS,RIGHTS,FIRST,FIRST,"The concept of 'information' in Article 15(3) third sentence GDPR refers exclusively to the personal data of which the controller must provide a copy, not to additional metadata.",Clarifies scope of 'information' concept without expanding or restricting data subject rights materially.,0.2625866694576393,0.2707101693059449,-0.5967340850420819,-0.780521256062378,0.2707101693059449,0.2707101693059449,0.0018860497588067875
C-492/23,1,PRO_DATA_SUBJECT,1,JOINT_CONTROLLERS_DEFINITION,ACTORS,GRAND_CHAMBER,GRAND_CHAMBER,"Online marketplace operators must identify advertisements containing sensitive data, verify advertiser identity, and refuse publication absent explicit consent from the data subject.","Imposes significant new obligations on marketplace operators to proactively identify sensitive data, verify identity, and refuse publication, expanding controller accountability.",0.764027043415452,0.7592458784033603,0.5557465192809729,0.7336921606524586,0.24075412159663967,-0.24075412159663967,0.0010620226655050598
C-492/23,2,PRO_DATA_SUBJECT,1,SECURITY,OTHER,GRAND_CHAMBER,GRAND_CHAMBER,Online marketplace operators must implement security measures to prevent sensitive data advertisements from being copied and unlawfully published on other websites.,"Requires marketplace operators to implement technical measures preventing copying and reproduction of sensitive data, enhancing protection against permanent harm.",0.74646557739564,0.7394298136588435,0.5827919889013734,0.764729723577169,0.2605701863411565,-0.2605701863411565,0.0016098773997536813
C-492/23,3,PRO_DATA_SUBJECT,1,OTHER_CONTROLLER_OBLIGATIONS,OTHER,GRAND_CHAMBER,GRAND_CHAMBER,Online marketplace operators cannot rely on e-Commerce Directive liability exemptions for infringements of their GDPR obligations regarding personal data processing.,"Denies marketplace operators the ability to shield themselves from GDPR liability using e-Commerce Directive exemptions, ensuring full accountability for data protection violations.",0.6000853757779593,0.5901530182500075,0.8163513613578837,1.010626875682028,0.40984698174999246,-0.40984698174999246,0.002823241321338116
C-496/17,1,MIXED,0,DATA_PROTECTION_PRINCIPLES,PRINCIPLES,THIRD,THIRD,"Customs authorities may require tax identification numbers only for persons in charge of the applicant, controlling management, or in charge of customs matters, and only to obtain information on serious infringements.",The ruling limits scope of persons whose data can be collected (pro-data subject) but confirms customs authorities may collect tax identification numbers for specified persons (pro-controller).,0.2762902978278238,0.2956889580031934,-0.6178749946756026,-0.8041951639428147,0.2956889580031934,0.2956889580031934,0.0046980140643687164
C-507/23,1,PRO_CONTROLLER,0,REMEDIES_COMPENSATION,ENFORCEMENT,EIGHTH,OTHER,A GDPR infringement alone does not constitute damage; actual damage must be separately established to claim compensation under Article 82(1).,"Requires data subjects to prove actual damage beyond mere GDPR infringement, raising the threshold for compensation claims.",0.74646557739564,0.7669439934042006,-1.7158780808856362,-1.6566566788584345,0.7669439934042006,0.7669439934042006,0.013955278563714315
C-507/23,2,MIXED,0,REMEDIES_COMPENSATION,ENFORCEMENT,EIGHTH,OTHER,An apology may constitute sufficient compensation for non-material damage under Article 82(1) if it fully compensates the damage suffered.,"Allows non-monetary compensation (apology) which could benefit controllers, but requires full compensation which protects data subjects.",0.4345029753363331,0.46026780797649036,-0.8765591250415373,-1.0677548827944359,0.46026780797649036,0.46026780797649036,0.008005969175759535
C-507/23,3,PRO_DATA_SUBJECT,1,REMEDIES_COMPENSATION,ENFORCEMENT,EIGHTH,OTHER,Controller attitude and motivation cannot be used to reduce compensation below the actual damage suffered by the data subject.,Prevents controllers from using good faith or public interest motivations to reduce compensation below actual damage suffered.,0.2625866694576393,0.2400897913858534,1.6757883026122826,1.6353434392089832,0.7599102086141466,-0.7599102086141466,0.014874068090789392
C-534/20,1,NEUTRAL_OR_UNCLEAR,0,DPA_OTHER,ENFORCEMENT,FIRST,FIRST,"Article 38(3) GDPR does not preclude national legislation requiring just cause for DPO dismissal, even when termination is unrelated to task performance, provided GDPR objectives are not undermined.","The ruling clarifies the scope of Article 38(3) without expanding or restricting data subject or controller rights, focusing on Member State competence regarding DPO employment protection.",0.6000853757779593,0.6149372674408571,-1.2249627389852658,-1.3538864015126921,0.6149372674408571,0.6149372674408571,0.006356814174992949
C-579/21,1,PRO_DATA_SUBJECT,1,RIGHT_OF_ACCESS,RIGHTS,FIRST,FIRST,Article 15 GDPR applies to access requests submitted after 25 May 2018 even if the underlying processing occurred before that date.,Broad temporal application expands scope of access rights to cover pre-GDPR processing operations.,0.41131344370371387,0.3851590090177988,1.1963427075538025,1.3329664049756416,0.6148409909822012,-0.6148409909822012,0.011119910678631493
C-579/21,2,MIXED,0,RIGHT_OF_ACCESS,RIGHTS,FIRST,FIRST,"Data subjects have a right of access to log data concerning dates and purposes of consultation operations, but not to employee identities unless essential for exercising GDPR rights and balanced against employee rights.","Expands access to log data (dates, purposes) but limits access to employee identities by requiring balancing with employee rights.",0.8349269113527461,0.8734986684655225,-2.248982576732946,-1.898086900888118,0.8734986684655225,0.8734986684655225,0.04131607271546594
C-579/21,3,PRO_DATA_SUBJECT,1,RIGHT_OF_ACCESS,RIGHTS,FIRST,FIRST,The controller's regulated banking activity and the data subject's dual status as employee and customer have no effect on the scope of the right of access.,"Confirms uniform scope of access right regardless of sector or data subject's relationship to controller, preventing controllers from claiming exemptions.",0.74646557739564,0.7394298136588435,0.5827919889013734,0.764729723577169,0.2605701863411565,-0.2605701863411565,0.0016098773997536813
C-590/22,1,MIXED,0,REMEDIES_COMPENSATION,ENFORCEMENT,THIRD,THIRD,"A GDPR infringement alone does not confer a right to compensation; the data subject must prove actual damage, though no severity threshold applies.",Requires proof of damage (pro-controller) but rejects severity threshold (pro-data subject).,0.74646557739564,0.7669439934042006,-1.7158780808856362,-1.6566566788584345,0.7669439934042006,0.7669439934042006,0.013955278563714315
C-590/22,2,PRO_DATA_SUBJECT,1,REMEDIES_COMPENSATION,ENFORCEMENT,THIRD,THIRD,Fear of personal data disclosure to third parties can constitute compensable non-material damage if the fear and its negative consequences are duly proven.,Broad interpretation of non-material damage allows compensation for fear even without proving actual disclosure.,0.764027043415452,0.7592458784033602,0.5557465192809729,0.7336921606524586,0.24075412159663978,-0.24075412159663978,0.0010620226655050598
C-590/22,3,PRO_CONTROLLER,0,REMEDIES_COMPENSATION,ENFORCEMENT,THIRD,THIRD,"Article 83 administrative fine criteria do not apply to compensation assessment, and Article 82 compensation has no dissuasive or punitive function.","Limits compensation to actual damage suffered without punitive or dissuasive elements, reducing potential liability.",0.2625866694576393,0.27071016930594494,-0.5967340850420819,-0.780521256062378,0.27071016930594494,0.27071016930594494,0.0018860497588067875
C-590/22,4,PRO_CONTROLLER,0,REMEDIES_COMPENSATION,ENFORCEMENT,THIRD,THIRD,Simultaneous infringements of national data protection provisions not specifying GDPR rules are irrelevant for determining compensation under Article 82(1).,"Limits scope of compensation to GDPR-specific infringements, excluding broader national law violations from increasing damages.",0.41131344370371387,0.4297170959529247,-0.8358808836907081,-1.029428384555569,0.4297170959529247,0.4297170959529247,0.005428487871323692
C-597/19,1,PRO_CONTROLLER,0,OTHER,OTHER,FIFTH,FIFTH,"Uploading pieces of a media file on a peer-to-peer network constitutes making available to the public even when automatic, provided the user consented to the software.",Broad interpretation of making available to the public favors intellectual property rightholders by enabling enforcement against peer-to-peer network users.,0.45051773389779753,0.4698686102238902,-0.9054805064140953,-1.0943297295136225,0.4698686102238902,0.4698686102238902,0.006114411667564095
C-597/19,2,MIXED,0,OTHER,OTHER,FIFTH,FIFTH,"A contractual IP rights holder who only claims damages from infringers may benefit from Directive 2004/48 measures unless the request is abusive, unjustified, or disproportionate.","Rights holder can claim damages but court must assess for abuse; request must be justified and proportionate, balancing enforcement with safeguards.",0.6388753246488945,0.6631077273189944,-1.3300852427985554,-1.4272575234969147,0.6631077273189944,0.6631077273189944,0.011688133311203733
C-597/19,3,MIXED,0,LEGITIMATE_INTERESTS,LAWFULNESS,FIFTH,FIFTH,"GDPR Article 6(1)(f) with ePrivacy Directive Article 15(1) does not preclude systematic IP address recording or disclosure for civil claims if justified, proportionate, and legally based.","Allows IP address collection and disclosure for IP enforcement but requires justification, proportionality, non-abuse, and national legal basis, balancing both interests.",0.45051773389779753,0.4698686102238903,-0.9054805064140953,-1.0943297295136225,0.4698686102238903,0.4698686102238903,0.006114411667564095
C-604/22,1,PRO_DATA_SUBJECT,1,PERSONAL_DATA_SCOPE,SCOPE,FOURTH,FOURTH,A TC String encoding user consent preferences constitutes personal data when it can be associated by reasonable means with identifiers allowing user identification.,Broad interpretation of personal data scope captures TC Strings even when organization lacks direct access to combined identifiers.,0.74646557739564,0.7394298136588436,0.5827919889013734,0.764729723577169,0.26057018634115636,-0.26057018634115636,0.0016098773997536813
C-604/22,2,MIXED,0,JOINT_CONTROLLERS_DEFINITION,ACTORS,FOURTH,FOURTH,"A sectoral organization establishing binding technical rules for consent management is a joint controller even without direct data access, but controllership does not automatically extend to subsequent third-party processing.","Broad joint controller interpretation extends accountability but limits do not automatically extend to subsequent processing, balancing controller burden.",0.764027043415452,0.7793775026395678,-1.799381489134905,-1.6994340653676379,0.7793775026395678,0.7793775026395678,0.011133373519061525
C-61/19,1,PRO_DATA_SUBJECT,1,CONSENT_BASIS,LAWFULNESS,SECOND,OTHER,"Valid consent requires active behaviour by the data subject with prior clear information, and cannot be established through pre-ticked boxes, misleading contract terms, or requirements to formally refuse consent.","The Court imposes strict requirements on controllers for demonstrating valid consent, rejecting pre-ticked boxes and requiring active behaviour from data subjects.",0.74646557739564,0.7394298136588435,0.5827919889013734,0.764729723577169,0.2605701863411565,-0.2605701863411565,0.0016098773997536813
C-621/22,1,PRO_DATA_SUBJECT,1,LEGITIMATE_INTERESTS,LAWFULNESS,NINTH,OTHER,"Commercial interests can constitute legitimate interests under Article 6(1)(f) GDPR, but processing must be strictly necessary and fundamental rights must not override the legitimate interest.","The Court emphasizes strict necessity, data minimization, and reasonable expectations of data subjects, suggesting that selling member data without consent is unlikely to satisfy Article 6(1)(f) requirements.",0.6388753246488945,0.6250391646642423,0.751831512289032,0.9466213115461535,0.37496083533575775,-0.37496083533575775,0.003734455217942424
C-634/21,1,PRO_DATA_SUBJECT,1,AUTOMATED_DECISION_MAKING,RIGHTS,FIRST,FIRST,Credit scoring by a credit information agency constitutes automated individual decision-making under Article 22(1) GDPR when a third party relies strongly on that score for contractual decisions.,"Broad interpretation of automated decision-making extends Article 22 protections to credit scoring, expanding data subject rights and controller obligations.",0.9025034715353483,0.8985068025992112,0.3286776213193646,0.45295196700298357,0.10149319740078877,-0.10149319740078877,0.0007600031768284385
C-638/23,1,MIXED,0,CONTROLLER_DEFINITION,ACTORS,EIGHTH,OTHER,National law may designate an auxiliary administrative entity without legal personality as controller if it can fulfil controller obligations and the law determines the scope of processing.,Allows entities without legal personality to be controllers (pro-controller flexibility) but requires them to fulfill all controller obligations toward data subjects (pro-data subject protection).,0.764027043415452,0.7793775026395678,-1.799381489134905,-1.6994340653676379,0.7793775026395678,0.7793775026395678,0.011133373519061525
C-645/19,1,MIXED,0,ONE_STOP_SHOP,ENFORCEMENT,GRAND_CHAMBER,GRAND_CHAMBER,A non-lead supervisory authority may initiate legal proceedings regarding cross-border processing only in specific situations where GDPR confers decision-making competence on it.,Allows non-lead DPA to bring proceedings in limited circumstances but confirms one-stop-shop constraints on enforcement powers.,0.6000853757779593,0.6149372674408571,-1.2249627389852658,-1.3538864015126921,0.6149372674408571,0.6149372674408571,0.006356814174992949
C-645/19,2,PRO_DATA_SUBJECT,1,DPA_POWERS,ENFORCEMENT,GRAND_CHAMBER,GRAND_CHAMBER,A non-lead supervisory authority may bring legal proceedings without requiring the controller to have an establishment in that authority's Member State.,Expands DPA enforcement capacity by removing establishment requirement as precondition for legal action in cross-border cases.,0.41131344370371387,0.3851590090177988,1.1963427075538025,1.3329664049756416,0.6148409909822012,-0.6148409909822012,0.011119910678631493
C-645/19,3,PRO_DATA_SUBJECT,1,DPA_POWERS,ENFORCEMENT,GRAND_CHAMBER,GRAND_CHAMBER,A non-lead supervisory authority may bring proceedings against any establishment of a controller if processing occurs in context of that establishment's activities.,Broad interpretation of establishment activities allows DPA enforcement against local establishments even when main establishment is elsewhere.,0.764027043415452,0.7592458784033602,0.5557465192809729,0.7336921606524586,0.24075412159663978,-0.24075412159663978,0.0010620226655050598
C-645/19,4,PRO_DATA_SUBJECT,1,DPA_POWERS,ENFORCEMENT,GRAND_CHAMBER,GRAND_CHAMBER,Legal proceedings commenced before GDPR application may continue under prior Directive for pre-existing infringements and under GDPR for subsequent ones.,Preserves DPA ability to continue enforcement proceedings spanning transition from Directive to GDPR without dismissal.,0.41131344370371387,0.38515900901779865,1.1963427075538025,1.3329664049756416,0.6148409909822014,-0.6148409909822014,0.011119910678631493
C-645/19,5,PRO_DATA_SUBJECT,1,DPA_POWERS,ENFORCEMENT,GRAND_CHAMBER,GRAND_CHAMBER,"Article 58(5) has direct effect, allowing supervisory authorities to rely on it for legal proceedings even without national implementation.",Strengthens DPA enforcement capacity by ensuring legal standing exists directly from GDPR regardless of national transposition.,0.41131344370371387,0.38515900901779865,1.1963427075538025,1.3329664049756416,0.6148409909822014,-0.6148409909822014,0.011119910678631493
C-65/23,1,PRO_DATA_SUBJECT,1,MEMBER_STATE_DISCRETION,OTHER,EIGHTH,OTHER,"National rules adopted under Article 88(1) GDPR for employment data processing must also comply with the requirements of Articles 5, 6(1), and 9(1) and (2) GDPR.",Limits Member State discretion by requiring full compliance with core GDPR data protection principles even when adopting specific employment rules.,0.6388753246488945,0.6250391646642424,0.751831512289032,0.9466213115461535,0.37496083533575764,-0.37496083533575764,0.003734455217942424
C-65/23,2,PRO_DATA_SUBJECT,1,MEMBER_STATE_DISCRETION,OTHER,EIGHTH,OTHER,"National courts must conduct full judicial review of collective agreements to verify necessity of data processing, notwithstanding the parties' margin of discretion.",Ensures employees can challenge collective agreements that inadequately protect their data rights through full judicial review.,0.8349269113527461,0.8271795731364205,0.4446455075375096,0.6006847580494233,0.17282042686357946,-0.17282042686357946,0.001615007966299825
C-655/23,1,MIXED,0,REMEDIES_COMPENSATION,ENFORCEMENT,FOURTH,FOURTH,"The GDPR does not provide a judicial remedy for data subjects to obtain preventive injunctions against future unlawful processing, but Member States may establish such remedies under national law.","While not creating a new EU-level remedy, the ruling preserves Member State discretion to provide preventive remedies, neither expanding nor restricting existing rights.",0.6000853757779593,0.6149372674408571,-1.2249627389852658,-1.3538864015126921,0.6149372674408571,0.6149372674408571,0.006356814174992949
C-655/23,2,PRO_DATA_SUBJECT,1,REMEDIES_COMPENSATION,ENFORCEMENT,FOURTH,FOURTH,"Non-material damage under Article 82(1) includes negative feelings such as fear or annoyance caused by loss of control over personal data, potential misuse, or reputational harm from unauthorized data transmission.",Broad interpretation of non-material damage to include negative feelings without requiring a severity threshold expands data subjects' ability to claim compensation.,0.764027043415452,0.7592458784033602,0.5557465192809729,0.7336921606524586,0.24075412159663978,-0.24075412159663978,0.0010620226655050598
C-655/23,3,PRO_CONTROLLER,0,REMEDIES_COMPENSATION,ENFORCEMENT,FOURTH,FOURTH,The degree of fault on the part of the controller cannot be taken into account when assessing the amount of compensation for non-material damage under Article 82(1) GDPR.,"Excluding degree of fault from damage assessment limits the amount controllers may have to pay, preventing punitive or enhanced damages based on culpability.",0.6000853757779593,0.6149372674408571,-1.2249627389852658,-1.3538864015126921,0.6149372674408571,0.6149372674408571,0.006356814174992949
C-655/23,4,PRO_DATA_SUBJECT,1,REMEDIES_COMPENSATION,ENFORCEMENT,FOURTH,FOURTH,Obtaining a prohibitory injunction under national law cannot reduce or replace the financial compensation for non-material damage payable under Article 82(1) GDPR.,Preventing reduction or substitution of financial compensation ensures data subjects receive full monetary redress regardless of other remedies obtained.,0.6000853757779593,0.5901530182500075,0.8163513613578837,1.010626875682028,0.40984698174999246,-0.40984698174999246,0.002823241321338116
C-659/22,1,PRO_DATA_SUBJECT,1,SCOPE_MATERIAL,SCOPE,EIGHTH,OTHER,Verification of COVID-19 certificates using a mobile application constitutes processing of personal data within the meaning of Article 4(2) GDPR.,Broad interpretation of processing captures mobile app verification activities that might otherwise escape GDPR regulation.,0.74646557739564,0.7394298136588436,0.5827919889013734,0.764729723577169,0.26057018634115636,-0.26057018634115636,0.0016098773997536813
C-667/21,1,PRO_CONTROLLER,0,SPECIAL_CATEGORIES_CONDITIONS,SPECIAL_CATEGORIES,THIRD,THIRD,"The Article 9(2)(h) exception applies when a medical service processes health data of its own employee to assess working capacity, provided it acts as medical service not employer.","Allows medical service to process health data of its own employees, recognizing dual function and rejecting requirement for neutral third party.",0.45051773389779753,0.4698686102238903,-0.9054805064140953,-1.0943297295136225,0.4698686102238903,0.4698686102238903,0.006114411667564095
C-667/21,2,MIXED,0,SPECIAL_CATEGORIES_CONDITIONS,SPECIAL_CATEGORIES,THIRD,THIRD,"Article 9(3) does not require controllers to prevent all colleagues from accessing employee health data, though Member State law or security principles may impose such obligations.","Does not require absolute colleague exclusion under Article 9(3), but recognizes Member States may impose such requirements and security principles apply.",0.2625866694576393,0.2707101693059449,-0.5967340850420819,-0.780521256062378,0.2707101693059449,0.2707101693059449,0.0018860497588067875
C-667/21,3,PRO_DATA_SUBJECT,1,SPECIAL_CATEGORIES_CONDITIONS,SPECIAL_CATEGORIES,THIRD,THIRD,Processing health data under Article 9(2)(h) must also satisfy at least one lawfulness condition under Article 6(1) in addition to Article 9 requirements.,"Requires cumulative compliance with both Article 9 and Article 6(1), increasing controller obligations for health data processing.",0.2625866694576393,0.24008979138585346,1.6757883026122826,1.6353434392089832,0.7599102086141465,-0.7599102086141465,0.014874068090789392
C-667/21,4,PRO_CONTROLLER,0,REMEDIES_COMPENSATION,ENFORCEMENT,THIRD,THIRD,"The right to compensation under Article 82(1) fulfils a compensatory function only, not a dissuasive or punitive function.","Rejects punitive damages function, limiting compensation to actual damage suffered and excluding consideration of infringement gravity.",0.2625866694576393,0.2707101693059449,-0.5967340850420819,-0.780521256062378,0.2707101693059449,0.2707101693059449,0.0018860497588067875
C-667/21,5,MIXED,0,REMEDIES_COMPENSATION,ENFORCEMENT,THIRD,THIRD,"Controller liability under Article 82 requires fault, which is presumed but rebuttable; fault severity does not affect damages amount.","Presumed fault benefits data subjects by reversing burden of proof, but excluding fault severity from damages calculation benefits controllers.",0.45051773389779753,0.4698686102238902,-0.9054805064140953,-1.0943297295136225,0.4698686102238902,0.4698686102238902,0.006114411667564095
C-673/17,1,PRO_DATA_SUBJECT,1,CONSENT_BASIS,LAWFULNESS,GRAND_CHAMBER,GRAND_CHAMBER,Consent for cookie storage is not valid when obtained through a pre-checked checkbox that users must deselect to refuse consent.,Strict interpretation of consent requiring active affirmative action protects users against unwanted cookie tracking via default pre-checked boxes.,0.74646557739564,0.7394298136588435,0.5827919889013734,0.764729723577169,0.2605701863411565,-0.2605701863411565,0.0016098773997536813
C-673/17,2,PRO_DATA_SUBJECT,1,SCOPE_MATERIAL,SCOPE,GRAND_CHAMBER,GRAND_CHAMBER,The consent requirement for cookie storage applies regardless of whether the stored information constitutes personal data.,"Extends protection to all information stored on user terminal equipment, not just personal data, broadening scope of user privacy protection.",0.764027043415452,0.7592458784033603,0.5557465192809729,0.7336921606524586,0.24075412159663967,-0.24075412159663967,0.0010620226655050598
C-673/17,3,PRO_DATA_SUBJECT,1,TRANSPARENCY,PRINCIPLES,GRAND_CHAMBER,GRAND_CHAMBER,Service providers must inform users about cookie duration and whether third parties may access the cookies.,"Expands transparency obligations by requiring disclosure of cookie duration and third-party access, enhancing user information rights.",0.6000853757779593,0.5901530182500077,0.8163513613578837,1.010626875682028,0.40984698174999235,-0.40984698174999235,0.002823241321338116
C-683/21,1,PRO_DATA_SUBJECT,1,CONTROLLER_DEFINITION,ACTORS,GRAND_CHAMBER,GRAND_CHAMBER,"An entity commissioning a mobile app may be a controller if it participated in determining processing purposes and means, even without performing processing operations itself.","Broad interpretation of controller captures entities that commission apps but do not themselves process data, expanding accountability.",0.764027043415452,0.7592458784033603,0.5557465192809729,0.7336921606524586,0.24075412159663967,-0.24075412159663967,0.0010620226655050598
C-683/21,2,PRO_DATA_SUBJECT,1,JOINT_CONTROLLERS_DEFINITION,ACTORS,GRAND_CHAMBER,GRAND_CHAMBER,"Joint controller classification does not require a formal arrangement between entities regarding purposes, means, or terms of joint control.","Broadens joint controller status by not requiring formal arrangements, making it easier to hold multiple parties accountable.",0.2625866694576393,0.24008979138585346,1.6757883026122826,1.6353434392089832,0.7599102086141465,-0.7599102086141465,0.014874068090789392
C-683/21,3,PRO_DATA_SUBJECT,1,PERSONAL_DATA_SCOPE,SCOPE,GRAND_CHAMBER,GRAND_CHAMBER,"Using personal data for IT testing constitutes processing unless the data are anonymous, anonymized, or fictitious relating to non-existent persons.","Broad interpretation of processing covers IT testing purposes, expanding GDPR applicability to development activities.",0.41131344370371387,0.3851590090177988,1.1963427075538025,1.3329664049756416,0.6148409909822012,-0.6148409909822012,0.011119910678631493
C-683/21,4,MIXED,0,ADMINISTRATIVE_FINES,ENFORCEMENT,GRAND_CHAMBER,GRAND_CHAMBER,Administrative fines require intentional or negligent infringement; controllers may be fined for processor operations unless processor acted outside the agreed framework.,Requires fault for fines (pro-controller) but allows controller liability for processor actions within agreed scope (pro-data subject).,0.6000853757779593,0.6149372674408571,-1.2249627389852658,-1.3538864015126921,0.6149372674408571,0.6149372674408571,0.006356814174992949
C-687/21,1,PRO_CONTROLLER,0,SECURITY,OTHER,THIRD,THIRD,Employee error in providing documents containing personal data to an unauthorized third party is not sufficient in itself to conclude that the controller's technical and organizational measures were inappropriate.,"Holding prevents automatic finding of inadequate security measures based solely on occurrence of a breach, requiring concrete assessment that benefits controllers.",0.74646557739564,0.7669439934042004,-1.7158780808856362,-1.6566566788584345,0.7669439934042004,0.7669439934042004,0.013955278563714315
C-687/21,2,NEUTRAL_OR_UNCLEAR,0,REMEDIES_COMPENSATION,ENFORCEMENT,THIRD,THIRD,"The right to compensation under Article 82 fulfills a compensatory function requiring full compensation for damage suffered, not a punitive function.",Clarifies the nature of compensation without expanding or limiting rights in a way that favors either party.,0.2625866694576393,0.270710169305945,-0.5967340850420819,-0.780521256062378,0.270710169305945,0.270710169305945,0.0018860497588067875
C-687/21,3,PRO_CONTROLLER,0,REMEDIES_COMPENSATION,ENFORCEMENT,THIRD,THIRD,Article 82 does not require that the severity of the controller's infringement be taken into consideration when determining compensation amounts.,"Limits compensation to actual damage without allowing increases based on severity of infringement, benefiting controllers facing minor but technically serious violations.",0.4345029753363331,0.46026780797649036,-0.8765591250415373,-1.0677548827944359,0.46026780797649036,0.46026780797649036,0.008005969175759535
C-687/21,4,PRO_CONTROLLER,0,REMEDIES_COMPENSATION,ENFORCEMENT,THIRD,THIRD,A person seeking compensation must establish both an infringement of the GDPR and that the infringement caused material or non-material damage.,"Requires data subjects to prove actual damage beyond mere GDPR infringement, creating an additional burden that benefits controllers.",0.41131344370371387,0.4297170959529246,-0.8358808836907081,-1.029428384555569,0.4297170959529246,0.4297170959529246,0.005428487871323692
C-687/21,5,PRO_CONTROLLER,0,REMEDIES_COMPENSATION,ENFORCEMENT,THIRD,THIRD,"When an unauthorized third party did not become aware of personal data, mere fear of future misuse does not constitute non-material damage sufficient for compensation.","Excludes compensation for hypothetical fear when unauthorized party did not actually access the data, limiting recoverable non-material damage.",0.764027043415452,0.7793775026395678,-1.799381489134905,-1.6994340653676379,0.7793775026395678,0.7793775026395678,0.011133373519061525
C-710/23,1,PRO_DATA_SUBJECT,1,PERSONAL_DATA_SCOPE,SCOPE,FIRST,FIRST,"Data identifying a natural person representing a legal person (name, surname, signature, contact details) constitutes personal data, and its disclosure is processing regardless of purpose.","Broad interpretation of personal data scope includes representatives of legal persons, expanding GDPR protection.",0.74646557739564,0.7394298136588435,0.5827919889013734,0.764729723577169,0.2605701863411565,-0.2605701863411565,0.0016098773997536813
C-710/23,2,MIXED,0,MEMBER_STATE_DISCRETION,OTHER,FIRST,FIRST,National case-law requiring prior consultation of data subjects before disclosure of official documents is permissible provided it does not impose disproportionate restrictions on public access.,Permits national data subject protections but limits them through proportionality to protect public access rights.,0.7009636152684642,0.7768232743482223,-1.5310371224290364,-1.5538275483009725,0.7768232743482223,0.7768232743482223,0.048661485820816454
C-740/22,1,PRO_DATA_SUBJECT,1,PERSONAL_DATA_SCOPE,SCOPE,SIXTH,OTHER,Oral disclosure of information on criminal proceedings concerning a natural person constitutes processing of personal data falling within the GDPR's material scope when the data form part of a filing system.,Broad interpretation of processing to include oral disclosure expands GDPR scope and prevents circumvention of data protection rules.,0.764027043415452,0.7592458784033602,0.5557465192809729,0.7336921606524586,0.24075412159663978,-0.24075412159663978,0.0010620226655050598
C-740/22,2,PRO_DATA_SUBJECT,1,SPECIAL_CATEGORIES_CONDITIONS,SPECIAL_CATEGORIES,SIXTH,OTHER,Criminal conviction data in court filing systems cannot be disclosed orally to any person for public access purposes without the requester establishing a specific interest in obtaining the data.,"Court requires specific interest to be established before disclosure, prioritizing data subject privacy over unrestricted public access to criminal records.",0.8349269113527461,0.8271795731364205,0.4446455075375096,0.6006847580494233,0.17282042686357946,-0.17282042686357946,0.001615007966299825
C-741/21,1,PRO_CONTROLLER,0,REMEDIES_COMPENSATION,ENFORCEMENT,THIRD,THIRD,An infringement of GDPR provisions conferring rights on data subjects is not sufficient in itself to constitute non-material damage requiring compensation.,"Requires data subjects to prove actual damage beyond mere GDPR infringement, raising the threshold for compensation claims.",0.74646557739564,0.7669439934042006,-1.7158780808856362,-1.6566566788584345,0.7669439934042006,0.7669439934042006,0.013955278563714315
C-741/21,2,PRO_DATA_SUBJECT,1,REMEDIES_COMPENSATION,ENFORCEMENT,THIRD,THIRD,A controller cannot be exempted from liability merely by claiming that damage was caused by an employee's failure to follow instructions.,"Controllers remain liable for employee failures and cannot easily escape responsibility, strengthening data subject compensation rights.",0.764027043415452,0.7592458784033602,0.5557465192809729,0.7336921606524586,0.24075412159663978,-0.24075412159663978,0.0010620226655050598
C-741/21,3,PRO_CONTROLLER,0,REMEDIES_COMPENSATION,ENFORCEMENT,THIRD,THIRD,"Administrative fine criteria under Article 83 do not apply to compensation assessment, and multiple infringements do not increase damages beyond actual harm suffered.","Limits compensation to actual damage suffered without punitive elements, preventing inflation of damages through multiple infringement counts.",0.2625866694576393,0.27071016930594494,-0.5967340850420819,-0.780521256062378,0.27071016930594494,0.27071016930594494,0.0018860497588067875
C-757/22,1,PRO_DATA_SUBJECT,1,REPRESENTATIVE_ACTIONS,ENFORCEMENT,FOURTH,FOURTH,Consumer protection associations may bring representative actions under Article 80(2) GDPR for violations of controller information obligations under Articles 12(1) and 13(1)(c) and (e).,"Broad interpretation of standing requirements allows consumer associations to bring actions for transparency violations, enhancing enforcement of data subject rights.",0.764027043415452,0.7592458784033602,0.5557465192809729,0.7336921606524586,0.24075412159663978,-0.24075412159663978,0.0010620226655050598
C-768/21,1,PRO_CONTROLLER,0,DPA_POWERS,ENFORCEMENT,FIRST,FIRST,"When a personal data breach is established, the supervisory authority is not required to exercise corrective powers where such action is not appropriate, necessary, or proportionate.","The ruling confirms that supervisory authorities have discretion not to impose fines or corrective measures even when a breach is established, reducing enforcement pressure on controllers.",0.6388753246488945,0.6631077273189944,-1.3300852427985554,-1.4272575234969147,0.6631077273189944,0.6631077273189944,0.011688133311203733
C-77/21,1,PRO_CONTROLLER,0,DATA_PROTECTION_PRINCIPLES,PRINCIPLES,FIRST,FIRST,The purpose limitation principle does not preclude copying personal data to a test database for testing and error correction where such processing is compatible with the initial collection purposes.,The Court permits controllers flexibility to copy data to test databases for legitimate operational purposes without requiring separate consent or legal basis.,0.6000853757779593,0.6149372674408571,-1.2249627389852658,-1.3538864015126921,0.6149372674408571,0.6149372674408571,0.006356814174992949
C-77/21,2,PRO_DATA_SUBJECT,1,DATA_PROTECTION_PRINCIPLES,PRINCIPLES,FIRST,FIRST,The storage limitation principle precludes retaining personal data in a test database longer than necessary for conducting tests and correcting errors.,"The Court strictly enforces storage limitation, rejecting the controller's oversight argument and requiring deletion once the test purpose is fulfilled.",0.6166728816695944,0.5929477289494542,0.7884194811135665,0.9832767374910653,0.40705227105054576,-0.40705227105054576,0.0067513301825603105
C-807/21,1,PRO_DATA_SUBJECT,1,ADMINISTRATIVE_FINES,ENFORCEMENT,GRAND_CHAMBER,GRAND_CHAMBER,National law cannot require that a GDPR infringement be attributed to an identified natural person before imposing an administrative fine on a legal person controller.,Holding ensures effective enforcement by allowing direct fines on legal person controllers without requiring attribution to a natural person.,0.9025034715353483,0.8985068025992115,0.3286776213193646,0.45295196700298357,0.10149319740078855,-0.10149319740078855,0.0007600031768284385
C-807/21,2,PRO_CONTROLLER,0,ADMINISTRATIVE_FINES,ENFORCEMENT,GRAND_CHAMBER,GRAND_CHAMBER,An administrative fine under Article 83 GDPR may only be imposed where the controller intentionally or negligently committed the infringement.,"Requires proof of intentional or negligent conduct before imposing administrative fines, rejecting strict liability.",0.74646557739564,0.7669439934042006,-1.7158780808856362,-1.6566566788584345,0.7669439934042006,0.7669439934042006,0.013955278563714315
C-817/19,1,NEUTRAL_OR_UNCLEAR,0,SCOPE_MATERIAL,SCOPE,GRAND_CHAMBER,GRAND_CHAMBER,"The GDPR applies to PNR data processing by private operators and to API/maritime directive processing, but not to PNR Directive processing carried out by PIUs or competent authorities.",The holding clarifies the boundary between GDPR and Directive 2016/680 without expanding or restricting rights.,0.2625866694576393,0.27071016930594494,-0.5967340850420819,-0.780521256062378,0.27071016930594494,0.27071016930594494,0.0018860497588067875
C-817/19,2,PRO_DATA_SUBJECT,1,DATA_PROTECTION_PRINCIPLES,PRINCIPLES,GRAND_CHAMBER,GRAND_CHAMBER,"The PNR Directive is valid when interpreted in light of Charter Articles 7, 8, 21 and 52(1), subject to strict interpretive safeguards limiting data scope, processing purposes, and automated assessment.","Court imposes strict interpretive limits on PNR Directive requiring narrow construction of data categories, assessment criteria, and processing purposes to protect fundamental rights.",0.8349269113527461,0.8271795731364205,0.4446455075375096,0.6006847580494233,0.17282042686357946,-0.17282042686357946,0.001615007966299825
C-817/19,3,PRO_DATA_SUBJECT,1,DATA_PROTECTION_PRINCIPLES,PRINCIPLES,GRAND_CHAMBER,GRAND_CHAMBER,"National legislation cannot authorize PNR data processing for purposes other than those expressly listed in Article 1(2) of the PNR Directive, such as intelligence service monitoring.","Precludes expansion of PNR data use to intelligence services or purposes beyond the directive's explicit objectives, limiting data processing scope.",0.74646557739564,0.7394298136588435,0.5827919889013734,0.764729723577169,0.2605701863411565,-0.2605701863411565,0.0016098773997536813
C-817/19,4,PRO_DATA_SUBJECT,1,DPA_INDEPENDENCE,ENFORCEMENT,GRAND_CHAMBER,GRAND_CHAMBER,"The PIU cannot also be designated as the competent authority to approve disclosure of PNR data after six months, as it lacks the required independence.","Strengthens procedural safeguards by requiring independent approval for data disclosure, preventing PIU from being both data processor and disclosure approver.",0.764027043415452,0.7592458784033602,0.5557465192809729,0.7336921606524586,0.24075412159663978,-0.24075412159663978,0.0010620226655050598
C-817/19,5,PRO_DATA_SUBJECT,1,DATA_PROTECTION_PRINCIPLES,PRINCIPLES,GRAND_CHAMBER,GRAND_CHAMBER,A general five-year PNR data retention period is unlawful; retention beyond six months requires objective material establishing a terrorism or serious crime risk for the specific passenger.,Significantly limits data retention by requiring individualized risk assessment; general retention beyond six months for passengers without risk indicators is prohibited.,0.8349269113527461,0.8271795731364205,0.4446455075375096,0.6006847580494233,0.17282042686357946,-0.17282042686357946,0.001615007966299825
C-817/19,6,NEUTRAL_OR_UNCLEAR,0,SCOPE_MATERIAL,SCOPE,GRAND_CHAMBER,GRAND_CHAMBER,The API Directive does not apply to intra-EU flights; it applies only to flights crossing external borders between Member States and third countries.,Clarifies territorial scope of API Directive without expanding or restricting data subject rights within that directive's framework.,0.41131344370371387,0.4297170959529247,-0.8358808836907081,-1.029428384555569,0.4297170959529247,0.4297170959529247,0.005428487871323692
C-817/19,7,PRO_DATA_SUBJECT,1,SCOPE_MATERIAL,SCOPE,GRAND_CHAMBER,GRAND_CHAMBER,"Extension of PNR system to all intra-EU flights requires genuine terrorist threat; otherwise must be limited to selected flights with specific indications, and cannot serve border control or immigration purposes.",Significantly restricts Member State power to extend PNR system to intra-EU transport; requires genuine terrorist threat or targeted selection with regular review.,0.8349269113527461,0.8271795731364205,0.4446455075375096,0.6006847580494233,0.17282042686357946,-0.17282042686357946,0.001615007966299825
C-817/19,8,PRO_DATA_SUBJECT,1,REMEDIES_COMPENSATION,ENFORCEMENT,GRAND_CHAMBER,GRAND_CHAMBER,National courts cannot limit temporal effects of declaring national PNR legislation illegal; evidence admissibility is for national law subject to equivalence and effectiveness principles.,"Prevents national courts from temporarily maintaining illegal surveillance legislation, ensuring immediate effect of Charter-based invalidity findings.",0.6000853757779593,0.5901530182500075,0.8163513613578837,1.010626875682028,0.40984698174999246,-0.40984698174999246,0.002823241321338116
