citing_case,citing_holding_id,cited_case,citing_date,citing_direction,citing_pro_ds,citing_concept,citing_chamber,citing_pro_ds_purpose,citing_teleological,citing_level_shifting
C-129/21,1,C-543/09,2022-10-27,PRO_DATA_SUBJECT,1,CONSENT_BASIS,FOURTH,1,1,0
C-129/21,4,C-136/17,2022-10-27,PRO_DATA_SUBJECT,1,RIGHT_TO_ERASURE,FOURTH,1,1,0
C-132/21,1,C-219/20,2023-01-12,PRO_DATA_SUBJECT,1,REMEDIES_COMPENSATION,FIRST,1,1,0
C-132/21,1,C-484/20,2023-01-12,PRO_DATA_SUBJECT,1,REMEDIES_COMPENSATION,FIRST,1,1,0
C-132/21,1,C-645/19,2023-01-12,PRO_DATA_SUBJECT,1,REMEDIES_COMPENSATION,FIRST,1,1,0
C-132/21,1,C-274/21,2023-01-12,PRO_DATA_SUBJECT,1,REMEDIES_COMPENSATION,FIRST,1,1,0
C-132/21,1,C-275/21,2023-01-12,PRO_DATA_SUBJECT,1,REMEDIES_COMPENSATION,FIRST,1,1,0
C-132/21,1,C-73/16,2023-01-12,PRO_DATA_SUBJECT,1,REMEDIES_COMPENSATION,FIRST,1,1,0
C-154/21,1,C-553/07,2023-01-12,PRO_DATA_SUBJECT,1,RIGHT_OF_ACCESS,FIRST,1,1,0
C-154/21,1,C-496/17,2023-01-12,PRO_DATA_SUBJECT,1,RIGHT_OF_ACCESS,FIRST,1,1,0
C-154/21,1,C-141/12,2023-01-12,PRO_DATA_SUBJECT,1,RIGHT_OF_ACCESS,FIRST,1,1,0
C-154/21,1,C-372/12,2023-01-12,PRO_DATA_SUBJECT,1,RIGHT_OF_ACCESS,FIRST,1,1,0
C-154/21,1,C-434/16,2023-01-12,PRO_DATA_SUBJECT,1,RIGHT_OF_ACCESS,FIRST,1,1,0
C-154/21,1,C-511/18,2023-01-12,PRO_DATA_SUBJECT,1,RIGHT_OF_ACCESS,FIRST,1,1,0
C-154/21,1,C-512/18,2023-01-12,PRO_DATA_SUBJECT,1,RIGHT_OF_ACCESS,FIRST,1,1,0
C-154/21,1,C-520/18,2023-01-12,PRO_DATA_SUBJECT,1,RIGHT_OF_ACCESS,FIRST,1,1,0
C-154/21,1,C-311/18,2023-01-12,PRO_DATA_SUBJECT,1,RIGHT_OF_ACCESS,FIRST,1,1,0
C-154/21,1,C-398/15,2023-01-12,PRO_DATA_SUBJECT,1,RIGHT_OF_ACCESS,FIRST,1,1,0
C-154/21,1,C-302/20,2023-01-12,PRO_DATA_SUBJECT,1,RIGHT_OF_ACCESS,FIRST,1,1,0
C-154/21,1,C-31/17,2023-01-12,PRO_DATA_SUBJECT,1,RIGHT_OF_ACCESS,FIRST,1,1,0
C-169/23,1,C-132/21,2024-11-28,PRO_CONTROLLER,0,TRANSPARENCY,THIRD,1,1,0
C-169/23,1,C-659/22,2024-11-28,PRO_CONTROLLER,0,TRANSPARENCY,THIRD,1,1,0
C-169/23,1,C-76/23,2024-11-28,PRO_CONTROLLER,0,TRANSPARENCY,THIRD,1,1,0
C-169/23,1,C-604/22,2024-11-28,PRO_CONTROLLER,0,TRANSPARENCY,THIRD,1,1,0
C-169/23,2,C-340/21,2024-11-28,MIXED,0,DPA_POWERS,THIRD,1,1,0
C-169/23,2,C-687/21,2024-11-28,MIXED,0,DPA_POWERS,THIRD,1,1,0
C-17/22 & C-18/22,1,C-252/21,2024-09-12,PRO_DATA_SUBJECT,1,CONTRACT_BASIS,FOURTH,1,1,0
C-17/22 & C-18/22,2,C-252/21,2024-09-12,PRO_DATA_SUBJECT,1,LEGITIMATE_INTERESTS,FOURTH,1,1,0
C-17/22 & C-18/22,2,C-26/22,2024-09-12,PRO_DATA_SUBJECT,1,LEGITIMATE_INTERESTS,FOURTH,1,1,0
C-17/22 & C-18/22,2,C-64/22,2024-09-12,PRO_DATA_SUBJECT,1,LEGITIMATE_INTERESTS,FOURTH,1,1,0
C-17/22 & C-18/22,3,C-252/21,2024-09-12,NEUTRAL_OR_UNCLEAR,0,LEGAL_OBLIGATION_BASIS,FOURTH,0,1,0
C-175/20,1,C-311/18,2022-02-24,PRO_DATA_SUBJECT,1,SCOPE_MATERIAL,FIFTH,1,1,0
C-175/20,1,C-439/19,2022-02-24,PRO_DATA_SUBJECT,1,SCOPE_MATERIAL,FIFTH,1,1,0
C-175/20,1,C-73/16,2022-02-24,PRO_DATA_SUBJECT,1,SCOPE_MATERIAL,FIFTH,1,1,0
C-175/20,2,C-623/17,2022-02-24,PRO_DATA_SUBJECT,1,MEMBER_STATE_DISCRETION,FIFTH,1,1,0
C-175/20,2,C-746/18,2022-02-24,PRO_DATA_SUBJECT,1,MEMBER_STATE_DISCRETION,FIFTH,1,1,0
C-175/20,2,C-511/18,2022-02-24,PRO_DATA_SUBJECT,1,MEMBER_STATE_DISCRETION,FIFTH,1,1,0
C-175/20,2,C-512/18,2022-02-24,PRO_DATA_SUBJECT,1,MEMBER_STATE_DISCRETION,FIFTH,1,1,0
C-175/20,2,C-520/18,2022-02-24,PRO_DATA_SUBJECT,1,MEMBER_STATE_DISCRETION,FIFTH,1,1,0
C-175/20,3,C-439/19,2022-02-24,MIXED,0,DATA_PROTECTION_PRINCIPLES,FIFTH,1,1,0
C-175/20,3,C-623/17,2022-02-24,MIXED,0,DATA_PROTECTION_PRINCIPLES,FIFTH,1,1,0
C-175/20,3,C-73/16,2022-02-24,MIXED,0,DATA_PROTECTION_PRINCIPLES,FIFTH,1,1,0
C-180/21,1,C-485/19,2022-12-08,NEUTRAL_OR_UNCLEAR,0,DATA_PROTECTION_PRINCIPLES,FIFTH,0,1,0
C-180/21,1,C-673/17,2022-12-08,NEUTRAL_OR_UNCLEAR,0,DATA_PROTECTION_PRINCIPLES,FIFTH,0,1,0
C-180/21,2,C-434/16,2022-12-08,PRO_DATA_SUBJECT,1,SCOPE_MATERIAL,FIFTH,1,1,0
C-180/21,2,C-175/20,2022-12-08,PRO_DATA_SUBJECT,1,SCOPE_MATERIAL,FIFTH,1,1,0
C-180/21,2,C-439/19,2022-12-08,PRO_DATA_SUBJECT,1,SCOPE_MATERIAL,FIFTH,1,1,0
C-180/21,2,C-40/17,2022-12-08,PRO_DATA_SUBJECT,1,SCOPE_MATERIAL,FIFTH,1,1,0
C-180/21,3,C-439/19,2022-12-08,PRO_CONTROLLER,0,PUBLIC_INTEREST_BASIS,FIFTH,0,1,0
C-180/21,3,C-83/19,2022-12-08,PRO_CONTROLLER,0,PUBLIC_INTEREST_BASIS,FIFTH,0,1,0
C-180/21,3,C-127/19,2022-12-08,PRO_CONTROLLER,0,PUBLIC_INTEREST_BASIS,FIFTH,0,1,0
C-180/21,3,C-195/19,2022-12-08,PRO_CONTROLLER,0,PUBLIC_INTEREST_BASIS,FIFTH,0,1,0
C-180/21,3,C-291/19,2022-12-08,PRO_CONTROLLER,0,PUBLIC_INTEREST_BASIS,FIFTH,0,1,0
C-180/21,3,C-355/19,2022-12-08,PRO_CONTROLLER,0,PUBLIC_INTEREST_BASIS,FIFTH,0,1,0
C-180/21,3,C-397/19,2022-12-08,PRO_CONTROLLER,0,PUBLIC_INTEREST_BASIS,FIFTH,0,1,0
C-182/22 & C-189/22,1,C-300/21,2024-06-20,NEUTRAL_OR_UNCLEAR,0,REMEDIES_COMPENSATION,THIRD,0,1,0
C-182/22 & C-189/22,1,C-741/21,2024-06-20,NEUTRAL_OR_UNCLEAR,0,REMEDIES_COMPENSATION,THIRD,0,1,0
C-182/22 & C-189/22,2,C-300/21,2024-06-20,MIXED,0,REMEDIES_COMPENSATION,THIRD,0,1,0
C-182/22 & C-189/22,2,C-667/21,2024-06-20,MIXED,0,REMEDIES_COMPENSATION,THIRD,0,1,0
C-182/22 & C-189/22,2,C-687/21,2024-06-20,MIXED,0,REMEDIES_COMPENSATION,THIRD,0,1,0
C-182/22 & C-189/22,3,C-403/16,2024-06-20,PRO_DATA_SUBJECT,1,REMEDIES_COMPENSATION,THIRD,1,1,0
C-182/22 & C-189/22,3,C-300/21,2024-06-20,PRO_DATA_SUBJECT,1,REMEDIES_COMPENSATION,THIRD,1,1,0
C-182/22 & C-189/22,4,C-300/21,2024-06-20,MIXED,0,REMEDIES_COMPENSATION,THIRD,0,1,0
C-182/22 & C-189/22,4,C-741/21,2024-06-20,MIXED,0,REMEDIES_COMPENSATION,THIRD,0,1,0
C-182/22 & C-189/22,4,C-456/22,2024-06-20,MIXED,0,REMEDIES_COMPENSATION,THIRD,0,1,0
C-182/22 & C-189/22,5,C-300/21,2024-06-20,PRO_DATA_SUBJECT,1,REMEDIES_COMPENSATION,THIRD,1,1,0
C-184/20,1,C-314/96,2022-08-01,PRO_DATA_SUBJECT,1,LEGAL_OBLIGATION_BASIS,GRAND_CHAMBER,1,1,1
C-184/20,1,C-67/20 to C-69/20,2022-08-01,PRO_DATA_SUBJECT,1,LEGAL_OBLIGATION_BASIS,GRAND_CHAMBER,1,1,1
C-184/20,1,C-160/20,2022-08-01,PRO_DATA_SUBJECT,1,LEGAL_OBLIGATION_BASIS,GRAND_CHAMBER,1,1,1
C-184/20,1,C-439/19,2022-08-01,PRO_DATA_SUBJECT,1,LEGAL_OBLIGATION_BASIS,GRAND_CHAMBER,1,1,1
C-184/20,1,C-175/20,2022-08-01,PRO_DATA_SUBJECT,1,LEGAL_OBLIGATION_BASIS,GRAND_CHAMBER,1,1,1
C-184/20,1,C-398/15,2022-08-01,PRO_DATA_SUBJECT,1,LEGAL_OBLIGATION_BASIS,GRAND_CHAMBER,1,1,1
C-184/20,1,C-230/14,2022-08-01,PRO_DATA_SUBJECT,1,LEGAL_OBLIGATION_BASIS,GRAND_CHAMBER,1,1,1
C-184/20,1,C-494/12,2022-08-01,PRO_DATA_SUBJECT,1,LEGAL_OBLIGATION_BASIS,GRAND_CHAMBER,1,1,1
C-184/20,1,C-708/18,2022-08-01,PRO_DATA_SUBJECT,1,LEGAL_OBLIGATION_BASIS,GRAND_CHAMBER,1,1,1
C-184/20,1,C-140/20,2022-08-01,PRO_DATA_SUBJECT,1,LEGAL_OBLIGATION_BASIS,GRAND_CHAMBER,1,1,1
C-184/20,1,C-507/17,2022-08-01,PRO_DATA_SUBJECT,1,LEGAL_OBLIGATION_BASIS,GRAND_CHAMBER,1,1,1
C-184/20,1,C-131/12,2022-08-01,PRO_DATA_SUBJECT,1,LEGAL_OBLIGATION_BASIS,GRAND_CHAMBER,1,1,1
C-184/20,2,C-124/20,2022-08-01,PRO_DATA_SUBJECT,1,SPECIAL_CATEGORIES_DEFINITION,GRAND_CHAMBER,1,1,0
C-184/20,2,C-101/01,2022-08-01,PRO_DATA_SUBJECT,1,SPECIAL_CATEGORIES_DEFINITION,GRAND_CHAMBER,1,1,0
C-184/20,2,C-136/17,2022-08-01,PRO_DATA_SUBJECT,1,SPECIAL_CATEGORIES_DEFINITION,GRAND_CHAMBER,1,1,0
C-200/23,1,C-181/20,2024-10-04,NEUTRAL_OR_UNCLEAR,0,OTHER,FIRST,0,1,0
C-200/23,2,C-398/15,2024-10-04,PRO_DATA_SUBJECT,1,CONTROLLER_DEFINITION,FIRST,1,1,0
C-200/23,2,C-231/22,2024-10-04,PRO_DATA_SUBJECT,1,CONTROLLER_DEFINITION,FIRST,1,1,0
C-200/23,3,C-398/15,2024-10-04,PRO_DATA_SUBJECT,1,RIGHT_TO_ERASURE,FIRST,1,1,1
C-200/23,3,C-439/19,2024-10-04,PRO_DATA_SUBJECT,1,RIGHT_TO_ERASURE,FIRST,1,1,1
C-200/23,3,C-252/21,2024-10-04,PRO_DATA_SUBJECT,1,RIGHT_TO_ERASURE,FIRST,1,1,1
C-200/23,3,C-184/20,2024-10-04,PRO_DATA_SUBJECT,1,RIGHT_TO_ERASURE,FIRST,1,1,1
C-200/23,3,C-180/21,2024-10-04,PRO_DATA_SUBJECT,1,RIGHT_TO_ERASURE,FIRST,1,1,1
C-200/23,3,C-26/22,2024-10-04,PRO_DATA_SUBJECT,1,RIGHT_TO_ERASURE,FIRST,1,1,1
C-200/23,3,C-64/22,2024-10-04,PRO_DATA_SUBJECT,1,RIGHT_TO_ERASURE,FIRST,1,1,1
C-200/23,3,C-460/20,2024-10-04,PRO_DATA_SUBJECT,1,RIGHT_TO_ERASURE,FIRST,1,1,1
C-200/23,4,C-487/21,2024-10-04,PRO_DATA_SUBJECT,1,PERSONAL_DATA_SCOPE,FIRST,1,1,0
C-200/23,4,C-434/16,2024-10-04,PRO_DATA_SUBJECT,1,PERSONAL_DATA_SCOPE,FIRST,1,1,0
C-200/23,5,C-300/21,2024-10-04,MIXED,0,REMEDIES_COMPENSATION,FIRST,1,1,0
C-200/23,5,C-741/21,2024-10-04,MIXED,0,REMEDIES_COMPENSATION,FIRST,1,1,0
C-200/23,5,C-340/21,2024-10-04,MIXED,0,REMEDIES_COMPENSATION,FIRST,1,1,0
C-200/23,5,C-687/21,2024-10-04,MIXED,0,REMEDIES_COMPENSATION,FIRST,1,1,0
C-200/23,5,C-456/22,2024-10-04,MIXED,0,REMEDIES_COMPENSATION,FIRST,1,1,0
C-200/23,5,C-590/22,2024-10-04,MIXED,0,REMEDIES_COMPENSATION,FIRST,1,1,0
C-200/23,5,C-182/22,2024-10-04,MIXED,0,REMEDIES_COMPENSATION,FIRST,1,1,0
C-200/23,5,C-189/22,2024-10-04,MIXED,0,REMEDIES_COMPENSATION,FIRST,1,1,0
C-200/23,5,C-667/21,2024-10-04,MIXED,0,REMEDIES_COMPENSATION,FIRST,1,1,0
C-200/23,6,C-340/21,2024-10-04,PRO_DATA_SUBJECT,1,REMEDIES_COMPENSATION,FIRST,1,1,0
C-200/23,6,C-741/21,2024-10-04,PRO_DATA_SUBJECT,1,REMEDIES_COMPENSATION,FIRST,1,1,0
C-200/23,6,C-667/21,2024-10-04,PRO_DATA_SUBJECT,1,REMEDIES_COMPENSATION,FIRST,1,1,0
C-203/22,1,C-487/21,2025-02-27,PRO_DATA_SUBJECT,1,RIGHT_OF_ACCESS,FIRST,1,1,0
C-203/22,1,C-634/21,2025-02-27,PRO_DATA_SUBJECT,1,RIGHT_OF_ACCESS,FIRST,1,1,0
C-203/22,1,C-307/22,2025-02-27,PRO_DATA_SUBJECT,1,RIGHT_OF_ACCESS,FIRST,1,1,0
C-203/22,1,C-446/21,2025-02-27,PRO_DATA_SUBJECT,1,RIGHT_OF_ACCESS,FIRST,1,1,0
C-203/22,1,C-169/23,2025-02-27,PRO_DATA_SUBJECT,1,RIGHT_OF_ACCESS,FIRST,1,1,0
C-203/22,2,C-487/21,2025-02-27,MIXED,0,RIGHT_OF_ACCESS,FIRST,1,1,0
C-203/22,2,C-268/21,2025-02-27,MIXED,0,RIGHT_OF_ACCESS,FIRST,1,1,0
C-203/22,2,C-634/21,2025-02-27,MIXED,0,RIGHT_OF_ACCESS,FIRST,1,1,0
C-205/21,1,C-245/19,2023-01-26,NEUTRAL_OR_UNCLEAR,0,SPECIAL_CATEGORIES_CONDITIONS,FIFTH,0,1,0
C-205/21,1,C-246/19,2023-01-26,NEUTRAL_OR_UNCLEAR,0,SPECIAL_CATEGORIES_CONDITIONS,FIFTH,0,1,0
C-205/21,2,C-245/19,2023-01-26,PRO_CONTROLLER,0,SPECIAL_CATEGORIES_CONDITIONS,FIFTH,1,1,0
C-205/21,2,C-246/19,2023-01-26,PRO_CONTROLLER,0,SPECIAL_CATEGORIES_CONDITIONS,FIFTH,1,1,0
C-205/21,2,C-615/19 P,2023-01-26,PRO_CONTROLLER,0,SPECIAL_CATEGORIES_CONDITIONS,FIFTH,1,1,0
C-205/21,2,C-748/19,2023-01-26,PRO_CONTROLLER,0,SPECIAL_CATEGORIES_CONDITIONS,FIFTH,1,1,0
C-205/21,2,C-754/19,2023-01-26,PRO_CONTROLLER,0,SPECIAL_CATEGORIES_CONDITIONS,FIFTH,1,1,0
C-205/21,3,C-136/17,2023-01-26,PRO_DATA_SUBJECT,1,SPECIAL_CATEGORIES_CONDITIONS,FIFTH,1,1,0
C-205/21,3,C-184/20,2023-01-26,PRO_DATA_SUBJECT,1,SPECIAL_CATEGORIES_CONDITIONS,FIFTH,1,1,0
C-231/22,1,C-683/21,2024-01-11,PRO_DATA_SUBJECT,1,CONTROLLER_DEFINITION,THIRD,1,1,0
C-231/22,1,C-807/21,2024-01-11,PRO_DATA_SUBJECT,1,CONTROLLER_DEFINITION,THIRD,1,1,0
C-231/22,1,C-131/12,2024-01-11,PRO_DATA_SUBJECT,1,CONTROLLER_DEFINITION,THIRD,1,1,0
C-231/22,2,C-683/21,2024-01-11,NEUTRAL_OR_UNCLEAR,0,ACCOUNTABILITY,THIRD,1,1,0
C-245/20,1,C-64/16,2022-03-24,PRO_CONTROLLER,0,DPA_POWERS,FIRST,0,1,1
C-245/20,1,C-216/18 PPU,2022-03-24,PRO_CONTROLLER,0,DPA_POWERS,FIRST,0,1,1
C-245/20,1,C-619/18,2022-03-24,PRO_CONTROLLER,0,DPA_POWERS,FIRST,0,1,1
C-245/20,1,C-357/19,2022-03-24,PRO_CONTROLLER,0,DPA_POWERS,FIRST,0,1,1
C-245/20,1,C-379/19,2022-03-24,PRO_CONTROLLER,0,DPA_POWERS,FIRST,0,1,1
C-245/20,1,C-547/19,2022-03-24,PRO_CONTROLLER,0,DPA_POWERS,FIRST,0,1,1
C-245/20,1,C-811/19,2022-03-24,PRO_CONTROLLER,0,DPA_POWERS,FIRST,0,1,1
C-245/20,1,C-840/19,2022-03-24,PRO_CONTROLLER,0,DPA_POWERS,FIRST,0,1,1
C-245/20,1,C-510/19,2022-03-24,PRO_CONTROLLER,0,DPA_POWERS,FIRST,0,1,1
C-245/20,1,C-564/15,2022-03-24,PRO_CONTROLLER,0,DPA_POWERS,FIRST,0,1,1
C-245/20,1,C-181/19,2022-03-24,PRO_CONTROLLER,0,DPA_POWERS,FIRST,0,1,1
C-245/20,1,C-470/19,2022-03-24,PRO_CONTROLLER,0,DPA_POWERS,FIRST,0,1,1
C-247/23,1,C-434/16,2025-03-13,PRO_DATA_SUBJECT,1,RIGHT_TO_RECTIFICATION,FIRST,1,1,1
C-247/23,1,C-394/23,2025-03-13,PRO_DATA_SUBJECT,1,RIGHT_TO_RECTIFICATION,FIRST,1,1,1
C-247/23,1,C-4/23,2025-03-13,PRO_DATA_SUBJECT,1,RIGHT_TO_RECTIFICATION,FIRST,1,1,1
C-247/23,2,C-4/23,2025-03-13,PRO_DATA_SUBJECT,1,RIGHT_TO_RECTIFICATION,FIRST,1,1,1
C-247/23,2,C-460/20,2025-03-13,PRO_DATA_SUBJECT,1,RIGHT_TO_RECTIFICATION,FIRST,1,1,1
C-252/21,1,C-645/19,2023-07-04,NEUTRAL_OR_UNCLEAR,0,DPA_POWERS,GRAND_CHAMBER,0,1,0
C-252/21,1,C-518/11,2023-07-04,NEUTRAL_OR_UNCLEAR,0,DPA_POWERS,GRAND_CHAMBER,0,1,0
C-252/21,1,C-14/21,2023-07-04,NEUTRAL_OR_UNCLEAR,0,DPA_POWERS,GRAND_CHAMBER,0,1,0
C-252/21,1,C-15/21,2023-07-04,NEUTRAL_OR_UNCLEAR,0,DPA_POWERS,GRAND_CHAMBER,0,1,0
C-252/21,3,C-3/13,2023-07-04,PRO_DATA_SUBJECT,1,SPECIAL_CATEGORIES_CONDITIONS,GRAND_CHAMBER,1,1,0
C-252/21,3,C-361/18,2023-07-04,PRO_DATA_SUBJECT,1,SPECIAL_CATEGORIES_CONDITIONS,GRAND_CHAMBER,1,1,0
C-252/21,4,C-439/19,2023-07-04,PRO_DATA_SUBJECT,1,CONTRACT_BASIS,GRAND_CHAMBER,1,1,0
C-252/21,4,C-175/20,2023-07-04,PRO_DATA_SUBJECT,1,CONTRACT_BASIS,GRAND_CHAMBER,1,1,0
C-252/21,4,C-184/20,2023-07-04,PRO_DATA_SUBJECT,1,CONTRACT_BASIS,GRAND_CHAMBER,1,1,0
C-252/21,5,C-597/19,2023-07-04,PRO_DATA_SUBJECT,1,LEGITIMATE_INTERESTS,GRAND_CHAMBER,1,1,0
C-252/21,5,C-439/19,2023-07-04,PRO_DATA_SUBJECT,1,LEGITIMATE_INTERESTS,GRAND_CHAMBER,1,1,0
C-252/21,5,C-708/18,2023-07-04,PRO_DATA_SUBJECT,1,LEGITIMATE_INTERESTS,GRAND_CHAMBER,1,1,0
C-26/22 & C-64/22,1,C-132/21,2023-12-07,PRO_DATA_SUBJECT,1,DPA_POWERS,FIRST,1,1,0
C-26/22 & C-64/22,1,C-311/18,2023-12-07,PRO_DATA_SUBJECT,1,DPA_POWERS,FIRST,1,1,0
C-26/22 & C-64/22,2,C-252/21,2023-12-07,PRO_DATA_SUBJECT,1,LEGITIMATE_INTERESTS,FIRST,1,1,0
C-26/22 & C-64/22,2,C-13/16,2023-12-07,PRO_DATA_SUBJECT,1,LEGITIMATE_INTERESTS,FIRST,1,1,0
C-26/22 & C-64/22,2,C-77/21,2023-12-07,PRO_DATA_SUBJECT,1,LEGITIMATE_INTERESTS,FIRST,1,1,0
C-26/22 & C-64/22,2,C-131/12,2023-12-07,PRO_DATA_SUBJECT,1,LEGITIMATE_INTERESTS,FIRST,1,1,0
C-268/21,1,C-245/20,2023-03-02,NEUTRAL_OR_UNCLEAR,0,LEGAL_OBLIGATION_BASIS,THIRD,0,1,0
C-268/21,1,C-342/12,2023-03-02,NEUTRAL_OR_UNCLEAR,0,LEGAL_OBLIGATION_BASIS,THIRD,0,1,0
C-268/21,1,C-180/21,2023-03-02,NEUTRAL_OR_UNCLEAR,0,LEGAL_OBLIGATION_BASIS,THIRD,0,1,0
C-268/21,2,C-511/18,2023-03-02,PRO_DATA_SUBJECT,1,DATA_PROTECTION_PRINCIPLES,THIRD,1,1,1
C-268/21,2,C-512/18,2023-03-02,PRO_DATA_SUBJECT,1,DATA_PROTECTION_PRINCIPLES,THIRD,1,1,1
C-268/21,2,C-520/18,2023-03-02,PRO_DATA_SUBJECT,1,DATA_PROTECTION_PRINCIPLES,THIRD,1,1,1
C-268/21,2,C-439/19,2023-03-02,PRO_DATA_SUBJECT,1,DATA_PROTECTION_PRINCIPLES,THIRD,1,1,1
C-272/19,1,C-101/01,2020-07-09,PRO_DATA_SUBJECT,1,CONTROLLER_DEFINITION,THIRD,1,1,0
C-300/21,1,C-439/19,2023-05-04,PRO_CONTROLLER,0,REMEDIES_COMPENSATION,THIRD,0,0,0
C-300/21,1,C-595/20,2023-05-04,PRO_CONTROLLER,0,REMEDIES_COMPENSATION,THIRD,0,0,0
C-300/21,1,C-786/19,2023-05-04,PRO_CONTROLLER,0,REMEDIES_COMPENSATION,THIRD,0,0,0
C-300/21,1,C-65/20,2023-05-04,PRO_CONTROLLER,0,REMEDIES_COMPENSATION,THIRD,0,0,0
C-300/21,2,C-311/18,2023-05-04,PRO_DATA_SUBJECT,1,REMEDIES_COMPENSATION,THIRD,1,1,0
C-300/21,2,C-154/21,2023-05-04,PRO_DATA_SUBJECT,1,REMEDIES_COMPENSATION,THIRD,1,1,0
C-300/21,3,C-403/16,2023-05-04,MIXED,0,REMEDIES_COMPENSATION,THIRD,0,1,0
C-300/21,3,C-18/21,2023-05-04,MIXED,0,REMEDIES_COMPENSATION,THIRD,0,1,0
C-300/21,3,C-295/04,2023-05-04,MIXED,0,REMEDIES_COMPENSATION,THIRD,0,1,0
C-306/21,1,C-212/13,2022-10-20,PRO_DATA_SUBJECT,1,SCOPE_MATERIAL,EIGHTH,1,1,0
C-306/21,1,C-439/19,2022-10-20,PRO_DATA_SUBJECT,1,SCOPE_MATERIAL,EIGHTH,1,1,0
C-307/22,1,C-154/21,2023-10-26,PRO_DATA_SUBJECT,1,RIGHT_OF_ACCESS,FIRST,1,1,0
C-307/22,1,C-487/21,2023-10-26,PRO_DATA_SUBJECT,1,RIGHT_OF_ACCESS,FIRST,1,1,0
C-307/22,1,C-579/21,2023-10-26,PRO_DATA_SUBJECT,1,RIGHT_OF_ACCESS,FIRST,1,1,0
C-307/22,1,C-287/17,2023-10-26,PRO_DATA_SUBJECT,1,RIGHT_OF_ACCESS,FIRST,1,1,0
C-307/22,2,C-175/20,2023-10-26,PRO_DATA_SUBJECT,1,MEMBER_STATE_DISCRETION,FIRST,1,1,1
C-307/22,3,C-487/21,2023-10-26,PRO_DATA_SUBJECT,1,RIGHT_OF_ACCESS,FIRST,1,1,0
C-311/18,1,C-362/14,2020-07-16,PRO_DATA_SUBJECT,1,SCOPE_MATERIAL,GRAND_CHAMBER,1,1,0
C-311/18,1,C-25/17,2020-07-16,PRO_DATA_SUBJECT,1,SCOPE_MATERIAL,GRAND_CHAMBER,1,1,0
C-311/18,2,C-362/14,2020-07-16,PRO_DATA_SUBJECT,1,INTERNATIONAL_TRANSFER,GRAND_CHAMBER,1,1,0
C-311/18,3,C-362/14,2020-07-16,PRO_DATA_SUBJECT,1,DPA_POWERS,GRAND_CHAMBER,1,1,0
C-311/18,4,C-362/14,2020-07-16,MIXED,0,INTERNATIONAL_TRANSFER,GRAND_CHAMBER,1,1,0
C-311/18,5,C-362/14,2020-07-16,PRO_DATA_SUBJECT,1,INTERNATIONAL_TRANSFER,GRAND_CHAMBER,1,1,1
C-311/18,5,C-92/09,2020-07-16,PRO_DATA_SUBJECT,1,INTERNATIONAL_TRANSFER,GRAND_CHAMBER,1,1,1
C-311/18,5,C-93/09,2020-07-16,PRO_DATA_SUBJECT,1,INTERNATIONAL_TRANSFER,GRAND_CHAMBER,1,1,1
C-311/18,5,C-293/12,2020-07-16,PRO_DATA_SUBJECT,1,INTERNATIONAL_TRANSFER,GRAND_CHAMBER,1,1,1
C-311/18,5,C-594/12,2020-07-16,PRO_DATA_SUBJECT,1,INTERNATIONAL_TRANSFER,GRAND_CHAMBER,1,1,1
C-311/18,5,C-274/14,2020-07-16,PRO_DATA_SUBJECT,1,INTERNATIONAL_TRANSFER,GRAND_CHAMBER,1,1,1
"C-313/23, C-316/23 & C-332/23",1,C-896/19,2025-04-30,NEUTRAL_OR_UNCLEAR,0,OTHER,FIRST,1,1,0
"C-313/23, C-316/23 & C-332/23",1,C-83/19,2025-04-30,NEUTRAL_OR_UNCLEAR,0,OTHER,FIRST,1,1,0
"C-313/23, C-316/23 & C-332/23",1,C-127/19,2025-04-30,NEUTRAL_OR_UNCLEAR,0,OTHER,FIRST,1,1,0
"C-313/23, C-316/23 & C-332/23",1,C-195/19,2025-04-30,NEUTRAL_OR_UNCLEAR,0,OTHER,FIRST,1,1,0
"C-313/23, C-316/23 & C-332/23",1,C-291/19,2025-04-30,NEUTRAL_OR_UNCLEAR,0,OTHER,FIRST,1,1,0
"C-313/23, C-316/23 & C-332/23",1,C-355/19,2025-04-30,NEUTRAL_OR_UNCLEAR,0,OTHER,FIRST,1,1,0
"C-313/23, C-316/23 & C-332/23",1,C-397/19,2025-04-30,NEUTRAL_OR_UNCLEAR,0,OTHER,FIRST,1,1,0
"C-313/23, C-316/23 & C-332/23",1,C-357/19,2025-04-30,NEUTRAL_OR_UNCLEAR,0,OTHER,FIRST,1,1,0
"C-313/23, C-316/23 & C-332/23",1,C-379/19,2025-04-30,NEUTRAL_OR_UNCLEAR,0,OTHER,FIRST,1,1,0
"C-313/23, C-316/23 & C-332/23",1,C-547/19,2025-04-30,NEUTRAL_OR_UNCLEAR,0,OTHER,FIRST,1,1,0
"C-313/23, C-316/23 & C-332/23",1,C-811/19,2025-04-30,NEUTRAL_OR_UNCLEAR,0,OTHER,FIRST,1,1,0
"C-313/23, C-316/23 & C-332/23",1,C-840/19,2025-04-30,NEUTRAL_OR_UNCLEAR,0,OTHER,FIRST,1,1,0
"C-313/23, C-316/23 & C-332/23",1,C-817/21,2025-04-30,NEUTRAL_OR_UNCLEAR,0,OTHER,FIRST,1,1,0
"C-313/23, C-316/23 & C-332/23",1,C-181/21,2025-04-30,NEUTRAL_OR_UNCLEAR,0,OTHER,FIRST,1,1,0
"C-313/23, C-316/23 & C-332/23",1,C-269/21,2025-04-30,NEUTRAL_OR_UNCLEAR,0,OTHER,FIRST,1,1,0
"C-313/23, C-316/23 & C-332/23",2,C-245/20,2025-04-30,PRO_DATA_SUBJECT,1,SCOPE_MATERIAL,FIRST,1,1,0
"C-313/23, C-316/23 & C-332/23",2,C-33/22,2025-04-30,PRO_DATA_SUBJECT,1,SCOPE_MATERIAL,FIRST,1,1,0
"C-313/23, C-316/23 & C-332/23",2,C-439/19,2025-04-30,PRO_DATA_SUBJECT,1,SCOPE_MATERIAL,FIRST,1,1,0
"C-313/23, C-316/23 & C-332/23",2,C-204/21,2025-04-30,PRO_DATA_SUBJECT,1,SCOPE_MATERIAL,FIRST,1,1,0
"C-313/23, C-316/23 & C-332/23",2,C-180/21,2025-04-30,PRO_DATA_SUBJECT,1,SCOPE_MATERIAL,FIRST,1,1,0
"C-313/23, C-316/23 & C-332/23",3,C-683/21,2025-04-30,NEUTRAL_OR_UNCLEAR,0,CONTROLLER_DEFINITION,FIRST,1,1,0
"C-313/23, C-316/23 & C-332/23",3,C-604/22,2025-04-30,NEUTRAL_OR_UNCLEAR,0,CONTROLLER_DEFINITION,FIRST,1,1,0
"C-313/23, C-316/23 & C-332/23",3,C-638/23,2025-04-30,NEUTRAL_OR_UNCLEAR,0,CONTROLLER_DEFINITION,FIRST,1,1,0
"C-313/23, C-316/23 & C-332/23",3,C-231/22,2025-04-30,NEUTRAL_OR_UNCLEAR,0,CONTROLLER_DEFINITION,FIRST,1,1,0
"C-313/23, C-316/23 & C-332/23",4,C-288/12,2025-04-30,NEUTRAL_OR_UNCLEAR,0,DPA_OTHER,FIRST,1,1,0
"C-313/23, C-316/23 & C-332/23",4,Opinion 1/15,2025-04-30,NEUTRAL_OR_UNCLEAR,0,DPA_OTHER,FIRST,1,1,0
"C-313/23, C-316/23 & C-332/23",4,C-252/21,2025-04-30,NEUTRAL_OR_UNCLEAR,0,DPA_OTHER,FIRST,1,1,0
"C-313/23, C-316/23 & C-332/23",5,C-132/21,2025-04-30,PRO_CONTROLLER,0,REMEDIES_COMPENSATION,FIRST,1,1,0
"C-313/23, C-316/23 & C-332/23",5,C-340/21,2025-04-30,PRO_CONTROLLER,0,REMEDIES_COMPENSATION,FIRST,1,1,0
"C-313/23, C-316/23 & C-332/23",5,C-768/21,2025-04-30,PRO_CONTROLLER,0,REMEDIES_COMPENSATION,FIRST,1,1,0
"C-313/23, C-316/23 & C-332/23",5,C-46/23,2025-04-30,PRO_CONTROLLER,0,REMEDIES_COMPENSATION,FIRST,1,1,0
"C-313/23, C-316/23 & C-332/23",5,C-169/23,2025-04-30,PRO_CONTROLLER,0,REMEDIES_COMPENSATION,FIRST,1,1,0
"C-313/23, C-316/23 & C-332/23",5,C-579/21,2025-04-30,PRO_CONTROLLER,0,REMEDIES_COMPENSATION,FIRST,1,1,0
C-319/20,1,C-645/19,2022-04-28,PRO_DATA_SUBJECT,1,REPRESENTATIVE_ACTIONS,THIRD,1,1,0
C-319/20,1,C-40/17,2022-04-28,PRO_DATA_SUBJECT,1,REPRESENTATIVE_ACTIONS,THIRD,1,1,0
C-33/22,1,C-272/19,2024-01-16,PRO_DATA_SUBJECT,1,SCOPE_MATERIAL,GRAND_CHAMBER,1,1,0
C-33/22,1,C-439/19,2024-01-16,PRO_DATA_SUBJECT,1,SCOPE_MATERIAL,GRAND_CHAMBER,1,1,0
C-33/22,1,C-306/21,2024-01-16,PRO_DATA_SUBJECT,1,SCOPE_MATERIAL,GRAND_CHAMBER,1,1,0
C-33/22,1,C-245/20,2024-01-16,PRO_DATA_SUBJECT,1,SCOPE_MATERIAL,GRAND_CHAMBER,1,1,0
C-33/22,2,C-439/19,2024-01-16,PRO_DATA_SUBJECT,1,SCOPE_MATERIAL,GRAND_CHAMBER,1,1,0
C-33/22,2,C-306/21,2024-01-16,PRO_DATA_SUBJECT,1,SCOPE_MATERIAL,GRAND_CHAMBER,1,1,0
C-33/22,2,C-742/19,2024-01-16,PRO_DATA_SUBJECT,1,SCOPE_MATERIAL,GRAND_CHAMBER,1,1,0
C-33/22,3,C-645/19,2024-01-16,PRO_DATA_SUBJECT,1,DPA_POWERS,GRAND_CHAMBER,0,1,1
C-33/22,3,C-430/21,2024-01-16,PRO_DATA_SUBJECT,1,DPA_POWERS,GRAND_CHAMBER,0,1,1
C-34/21,1,C-319/20,2023-03-30,PRO_DATA_SUBJECT,1,MEMBER_STATE_DISCRETION,FIRST,1,1,0
C-34/21,1,C-175/20,2023-03-30,PRO_DATA_SUBJECT,1,MEMBER_STATE_DISCRETION,FIRST,1,1,0
C-34/21,1,C-439/19,2023-03-30,PRO_DATA_SUBJECT,1,MEMBER_STATE_DISCRETION,FIRST,1,1,0
C-34/21,1,C-302/20,2023-03-30,PRO_DATA_SUBJECT,1,MEMBER_STATE_DISCRETION,FIRST,1,1,0
C-34/21,2,C-645/19,2023-03-30,MIXED,0,MEMBER_STATE_DISCRETION,FIRST,0,1,0
C-34/21,2,C-336/14,2023-03-30,MIXED,0,MEMBER_STATE_DISCRETION,FIRST,0,1,0
C-34/21,2,C-213/89,2023-03-30,MIXED,0,MEMBER_STATE_DISCRETION,FIRST,0,1,0
C-34/21,2,C-180/21,2023-03-30,MIXED,0,MEMBER_STATE_DISCRETION,FIRST,0,1,0
C-34/21,2,C-306/21,2023-03-30,MIXED,0,MEMBER_STATE_DISCRETION,FIRST,0,1,0
C-34/21,2,106/77,2023-03-30,MIXED,0,MEMBER_STATE_DISCRETION,FIRST,0,1,0
C-340/21,1,327/82,2023-12-14,PRO_CONTROLLER,0,SECURITY,THIRD,1,1,0
C-340/21,1,C-673/17,2023-12-14,PRO_CONTROLLER,0,SECURITY,THIRD,1,1,0
C-340/21,1,C-300/21,2023-12-14,PRO_CONTROLLER,0,SECURITY,THIRD,1,1,0
C-340/21,3,C-60/22,2023-12-14,PRO_DATA_SUBJECT,1,ACCOUNTABILITY,THIRD,1,1,0
C-340/21,3,C-252/21,2023-12-14,PRO_DATA_SUBJECT,1,ACCOUNTABILITY,THIRD,1,1,0
C-340/21,4,C-300/21,2023-12-14,NEUTRAL_OR_UNCLEAR,0,SECURITY,THIRD,1,1,0
C-340/21,4,C-817/19,2023-12-14,NEUTRAL_OR_UNCLEAR,0,SECURITY,THIRD,1,1,0
C-340/21,4,C-132/21,2023-12-14,NEUTRAL_OR_UNCLEAR,0,SECURITY,THIRD,1,1,0
C-340/21,6,C-300/21,2023-12-14,PRO_DATA_SUBJECT,1,REMEDIES_COMPENSATION,THIRD,1,1,0
C-383/23,1,C-807/21,2025-02-13,PRO_DATA_SUBJECT,1,ADMINISTRATIVE_FINES,FIFTH,0,1,0
C-394/23,1,C-446/21,2025-01-09,PRO_DATA_SUBJECT,1,DATA_PROTECTION_PRINCIPLES,FIRST,1,1,0
C-394/23,1,C-621/22,2025-01-09,PRO_DATA_SUBJECT,1,DATA_PROTECTION_PRINCIPLES,FIRST,1,1,0
C-394/23,1,C-252/21,2025-01-09,PRO_DATA_SUBJECT,1,DATA_PROTECTION_PRINCIPLES,FIRST,1,1,0
C-394/23,1,C-439/19,2025-01-09,PRO_DATA_SUBJECT,1,DATA_PROTECTION_PRINCIPLES,FIRST,1,1,0
C-394/23,1,C-17/22,2025-01-09,PRO_DATA_SUBJECT,1,DATA_PROTECTION_PRINCIPLES,FIRST,1,1,0
C-394/23,1,C-18/22,2025-01-09,PRO_DATA_SUBJECT,1,DATA_PROTECTION_PRINCIPLES,FIRST,1,1,0
C-394/23,1,C-423/04,2025-01-09,PRO_DATA_SUBJECT,1,DATA_PROTECTION_PRINCIPLES,FIRST,1,1,0
C-416/23,1,C-487/21,2025-01-09,MIXED,0,DPA_POWERS,FIRST,1,1,0
C-416/23,1,C-26/22,2025-01-09,MIXED,0,DPA_POWERS,FIRST,1,1,0
C-416/23,1,C-64/22,2025-01-09,MIXED,0,DPA_POWERS,FIRST,1,1,0
C-416/23,1,C-395/22,2025-01-09,MIXED,0,DPA_POWERS,FIRST,1,1,0
C-416/23,1,C-428/22,2025-01-09,MIXED,0,DPA_POWERS,FIRST,1,1,0
C-416/23,1,C-132/21,2025-01-09,MIXED,0,DPA_POWERS,FIRST,1,1,0
C-416/23,2,C-140/20,2025-01-09,PRO_DATA_SUBJECT,1,DPA_POWERS,FIRST,1,1,1
C-416/23,2,C-873/19,2025-01-09,PRO_DATA_SUBJECT,1,DPA_POWERS,FIRST,1,1,1
C-416/23,2,C-307/22,2025-01-09,PRO_DATA_SUBJECT,1,DPA_POWERS,FIRST,1,1,1
C-416/23,2,C-38/21,2025-01-09,PRO_DATA_SUBJECT,1,DPA_POWERS,FIRST,1,1,1
C-416/23,2,C-47/21,2025-01-09,PRO_DATA_SUBJECT,1,DPA_POWERS,FIRST,1,1,1
C-416/23,2,C-232/21,2025-01-09,PRO_DATA_SUBJECT,1,DPA_POWERS,FIRST,1,1,1
C-416/23,3,C-154/21,2025-01-09,MIXED,0,DPA_POWERS,FIRST,1,1,0
C-439/19,1,C-272/19,2021-06-22,PRO_DATA_SUBJECT,1,SPECIAL_CATEGORIES_CONDITIONS,GRAND_CHAMBER,1,1,0
C-439/19,1,C-311/18,2021-06-22,PRO_DATA_SUBJECT,1,SPECIAL_CATEGORIES_CONDITIONS,GRAND_CHAMBER,1,1,0
C-439/19,1,C-101/01,2021-06-22,PRO_DATA_SUBJECT,1,SPECIAL_CATEGORIES_CONDITIONS,GRAND_CHAMBER,1,1,0
C-439/19,1,C-73/16,2021-06-22,PRO_DATA_SUBJECT,1,SPECIAL_CATEGORIES_CONDITIONS,GRAND_CHAMBER,1,1,0
C-439/19,1,C-25/17,2021-06-22,PRO_DATA_SUBJECT,1,SPECIAL_CATEGORIES_CONDITIONS,GRAND_CHAMBER,1,1,0
C-439/19,1,C-136/17,2021-06-22,PRO_DATA_SUBJECT,1,SPECIAL_CATEGORIES_CONDITIONS,GRAND_CHAMBER,1,1,0
C-439/19,1,C-287/98,2021-06-22,PRO_DATA_SUBJECT,1,SPECIAL_CATEGORIES_CONDITIONS,GRAND_CHAMBER,1,1,0
C-439/19,1,C-673/17,2021-06-22,PRO_DATA_SUBJECT,1,SPECIAL_CATEGORIES_CONDITIONS,GRAND_CHAMBER,1,1,0
C-439/19,1,C-60/12,2021-06-22,PRO_DATA_SUBJECT,1,SPECIAL_CATEGORIES_CONDITIONS,GRAND_CHAMBER,1,1,0
C-439/19,1,C-489/10,2021-06-22,PRO_DATA_SUBJECT,1,SPECIAL_CATEGORIES_CONDITIONS,GRAND_CHAMBER,1,1,0
C-439/19,1,C-537/16,2021-06-22,PRO_DATA_SUBJECT,1,SPECIAL_CATEGORIES_CONDITIONS,GRAND_CHAMBER,1,1,0
C-439/19,1,C-481/19,2021-06-22,PRO_DATA_SUBJECT,1,SPECIAL_CATEGORIES_CONDITIONS,GRAND_CHAMBER,1,1,0
C-439/19,2,C-496/17,2021-06-22,PRO_DATA_SUBJECT,1,DATA_PROTECTION_PRINCIPLES,GRAND_CHAMBER,1,1,1
C-439/19,2,C-708/18,2021-06-22,PRO_DATA_SUBJECT,1,DATA_PROTECTION_PRINCIPLES,GRAND_CHAMBER,1,1,1
C-439/19,2,C-136/17,2021-06-22,PRO_DATA_SUBJECT,1,DATA_PROTECTION_PRINCIPLES,GRAND_CHAMBER,1,1,1
C-439/19,2,C-311/18,2021-06-22,PRO_DATA_SUBJECT,1,DATA_PROTECTION_PRINCIPLES,GRAND_CHAMBER,1,1,1
C-439/19,2,C-260/13,2021-06-22,PRO_DATA_SUBJECT,1,DATA_PROTECTION_PRINCIPLES,GRAND_CHAMBER,1,1,1
C-439/19,2,C-92/09,2021-06-22,PRO_DATA_SUBJECT,1,DATA_PROTECTION_PRINCIPLES,GRAND_CHAMBER,1,1,1
C-439/19,2,C-93/09,2021-06-22,PRO_DATA_SUBJECT,1,DATA_PROTECTION_PRINCIPLES,GRAND_CHAMBER,1,1,1
C-439/19,2,C-398/15,2021-06-22,PRO_DATA_SUBJECT,1,DATA_PROTECTION_PRINCIPLES,GRAND_CHAMBER,1,1,1
C-439/19,4,C-292/04,2021-06-22,NEUTRAL_OR_UNCLEAR,0,OTHER,GRAND_CHAMBER,0,1,0
C-439/19,4,C-401/13,2021-06-22,NEUTRAL_OR_UNCLEAR,0,OTHER,GRAND_CHAMBER,0,1,0
C-439/19,4,C-432/13,2021-06-22,NEUTRAL_OR_UNCLEAR,0,OTHER,GRAND_CHAMBER,0,1,0
C-439/19,4,C-276/14,2021-06-22,NEUTRAL_OR_UNCLEAR,0,OTHER,GRAND_CHAMBER,0,1,0
C-439/19,4,C-581/10,2021-06-22,NEUTRAL_OR_UNCLEAR,0,OTHER,GRAND_CHAMBER,0,1,0
C-439/19,4,C-629/10,2021-06-22,NEUTRAL_OR_UNCLEAR,0,OTHER,GRAND_CHAMBER,0,1,0
C-439/19,4,C-432/17,2021-06-22,NEUTRAL_OR_UNCLEAR,0,OTHER,GRAND_CHAMBER,0,1,0
C-439/19,4,C-399/11,2021-06-22,NEUTRAL_OR_UNCLEAR,0,OTHER,GRAND_CHAMBER,0,1,0
C-439/19,4,C-476/17,2021-06-22,NEUTRAL_OR_UNCLEAR,0,OTHER,GRAND_CHAMBER,0,1,0
C-439/19,4,C-409/06,2021-06-22,NEUTRAL_OR_UNCLEAR,0,OTHER,GRAND_CHAMBER,0,1,0
C-446/21,1,C-439/19,2024-10-04,PRO_DATA_SUBJECT,1,DATA_MINIMISATION,FOURTH,1,1,0
C-446/21,1,C-175/20,2024-10-04,PRO_DATA_SUBJECT,1,DATA_MINIMISATION,FOURTH,1,1,0
C-446/21,1,C-77/21,2024-10-04,PRO_DATA_SUBJECT,1,DATA_MINIMISATION,FOURTH,1,1,0
C-446/21,1,C-252/21,2024-10-04,PRO_DATA_SUBJECT,1,DATA_MINIMISATION,FOURTH,1,1,0
C-446/21,1,C-26/22,2024-10-04,PRO_DATA_SUBJECT,1,DATA_MINIMISATION,FOURTH,1,1,0
C-446/21,1,C-64/22,2024-10-04,PRO_DATA_SUBJECT,1,DATA_MINIMISATION,FOURTH,1,1,0
C-446/21,1,C-118/22,2024-10-04,PRO_DATA_SUBJECT,1,DATA_MINIMISATION,FOURTH,1,1,0
C-446/21,1,C-604/22,2024-10-04,PRO_DATA_SUBJECT,1,DATA_MINIMISATION,FOURTH,1,1,0
C-446/21,1,C-757/22,2024-10-04,PRO_DATA_SUBJECT,1,DATA_MINIMISATION,FOURTH,1,1,0
C-446/21,2,C-136/17,2024-10-04,PRO_DATA_SUBJECT,1,SPECIAL_CATEGORIES_CONDITIONS,FOURTH,1,1,0
C-446/21,2,C-252/21,2024-10-04,PRO_DATA_SUBJECT,1,SPECIAL_CATEGORIES_CONDITIONS,FOURTH,1,1,0
C-446/21,2,C-667/21,2024-10-04,PRO_DATA_SUBJECT,1,SPECIAL_CATEGORIES_CONDITIONS,FOURTH,1,1,0
C-453/21,1,C-534/20,2023-02-09,NEUTRAL_OR_UNCLEAR,0,DPA_OTHER,SIXTH,1,1,0
C-456/22,1,C-300/21,2023-12-14,MIXED,0,REMEDIES_COMPENSATION,THIRD,1,1,0
C-456/22,1,C-340/21,2023-12-14,MIXED,0,REMEDIES_COMPENSATION,THIRD,1,1,0
C-46/23,1,C-134/22,2024-03-14,PRO_DATA_SUBJECT,1,DPA_POWERS,FIFTH,1,1,0
C-46/23,1,C-60/22,2024-03-14,PRO_DATA_SUBJECT,1,DPA_POWERS,FIFTH,1,1,0
C-46/23,1,C-311/18,2024-03-14,PRO_DATA_SUBJECT,1,DPA_POWERS,FIFTH,1,1,0
C-46/23,1,C-511/18,2024-03-14,PRO_DATA_SUBJECT,1,DPA_POWERS,FIFTH,1,1,0
C-46/23,1,C-512/18,2024-03-14,PRO_DATA_SUBJECT,1,DPA_POWERS,FIFTH,1,1,0
C-46/23,1,C-520/18,2024-03-14,PRO_DATA_SUBJECT,1,DPA_POWERS,FIFTH,1,1,0
C-46/23,1,C-319/20,2024-03-14,PRO_DATA_SUBJECT,1,DPA_POWERS,FIFTH,1,1,0
C-460/20,1,C-131/12,2022-12-08,MIXED,0,RIGHT_TO_ERASURE,GRAND_CHAMBER,1,1,1
C-460/20,1,C-136/17,2022-12-08,MIXED,0,RIGHT_TO_ERASURE,GRAND_CHAMBER,1,1,1
C-460/20,1,C-709/20,2022-12-08,MIXED,0,RIGHT_TO_ERASURE,GRAND_CHAMBER,1,1,1
C-460/20,1,C-345/17,2022-12-08,MIXED,0,RIGHT_TO_ERASURE,GRAND_CHAMBER,1,1,1
C-460/20,2,C-131/12,2022-12-08,PRO_DATA_SUBJECT,1,RIGHT_TO_ERASURE,GRAND_CHAMBER,1,1,1
C-460/20,2,C-136/17,2022-12-08,PRO_DATA_SUBJECT,1,RIGHT_TO_ERASURE,GRAND_CHAMBER,1,1,1
C-460/20,2,C-184/20,2022-12-08,PRO_DATA_SUBJECT,1,RIGHT_TO_ERASURE,GRAND_CHAMBER,1,1,1
C-461/22,1,C-33/22,2024-07-11,PRO_DATA_SUBJECT,1,CONTROLLER_DEFINITION,NINTH,1,1,0
C-487/21,1,C-484/20,2023-05-04,PRO_DATA_SUBJECT,1,RIGHT_OF_ACCESS,FIRST,1,1,0
C-487/21,1,C-624/20,2023-05-04,PRO_DATA_SUBJECT,1,RIGHT_OF_ACCESS,FIRST,1,1,0
C-487/21,1,C-434/16,2023-05-04,PRO_DATA_SUBJECT,1,RIGHT_OF_ACCESS,FIRST,1,1,0
C-487/21,1,C-175/20,2023-05-04,PRO_DATA_SUBJECT,1,RIGHT_OF_ACCESS,FIRST,1,1,0
C-487/21,1,C-154/21,2023-05-04,PRO_DATA_SUBJECT,1,RIGHT_OF_ACCESS,FIRST,1,1,0
C-487/21,1,C-453/21,2023-05-04,PRO_DATA_SUBJECT,1,RIGHT_OF_ACCESS,FIRST,1,1,0
C-492/23,1,C-667/21,2025-12-02,PRO_DATA_SUBJECT,1,JOINT_CONTROLLERS_DEFINITION,GRAND_CHAMBER,1,1,0
C-492/23,1,C-204/21,2025-12-02,PRO_DATA_SUBJECT,1,JOINT_CONTROLLERS_DEFINITION,GRAND_CHAMBER,1,1,0
C-492/23,1,C-184/20,2025-12-02,PRO_DATA_SUBJECT,1,JOINT_CONTROLLERS_DEFINITION,GRAND_CHAMBER,1,1,0
C-492/23,1,C-683/21,2025-12-02,PRO_DATA_SUBJECT,1,JOINT_CONTROLLERS_DEFINITION,GRAND_CHAMBER,1,1,0
C-492/23,1,C-40/17,2025-12-02,PRO_DATA_SUBJECT,1,JOINT_CONTROLLERS_DEFINITION,GRAND_CHAMBER,1,1,0
C-492/23,1,C-25/17,2025-12-02,PRO_DATA_SUBJECT,1,JOINT_CONTROLLERS_DEFINITION,GRAND_CHAMBER,1,1,0
C-492/23,1,C-210/16,2025-12-02,PRO_DATA_SUBJECT,1,JOINT_CONTROLLERS_DEFINITION,GRAND_CHAMBER,1,1,0
C-492/23,1,C-460/20,2025-12-02,PRO_DATA_SUBJECT,1,JOINT_CONTROLLERS_DEFINITION,GRAND_CHAMBER,1,1,0
C-492/23,1,C-60/22,2025-12-02,PRO_DATA_SUBJECT,1,JOINT_CONTROLLERS_DEFINITION,GRAND_CHAMBER,1,1,0
C-492/23,1,C-687/21,2025-12-02,PRO_DATA_SUBJECT,1,JOINT_CONTROLLERS_DEFINITION,GRAND_CHAMBER,1,1,0
C-492/23,1,C-394/23,2025-12-02,PRO_DATA_SUBJECT,1,JOINT_CONTROLLERS_DEFINITION,GRAND_CHAMBER,1,1,0
C-492/23,1,C-129/21,2025-12-02,PRO_DATA_SUBJECT,1,JOINT_CONTROLLERS_DEFINITION,GRAND_CHAMBER,1,1,0
C-492/23,1,C-21/23,2025-12-02,PRO_DATA_SUBJECT,1,JOINT_CONTROLLERS_DEFINITION,GRAND_CHAMBER,1,1,0
C-492/23,2,C-340/21,2025-12-02,PRO_DATA_SUBJECT,1,SECURITY,GRAND_CHAMBER,1,1,0
C-492/23,2,C-667/21,2025-12-02,PRO_DATA_SUBJECT,1,SECURITY,GRAND_CHAMBER,1,1,0
C-492/23,3,C-511/18,2025-12-02,PRO_DATA_SUBJECT,1,OTHER_CONTROLLER_OBLIGATIONS,GRAND_CHAMBER,1,1,0
C-492/23,3,C-512/18,2025-12-02,PRO_DATA_SUBJECT,1,OTHER_CONTROLLER_OBLIGATIONS,GRAND_CHAMBER,1,1,0
C-492/23,3,C-520/18,2025-12-02,PRO_DATA_SUBJECT,1,OTHER_CONTROLLER_OBLIGATIONS,GRAND_CHAMBER,1,1,0
C-496/17,1,C-92/09,2019-01-16,MIXED,0,DATA_PROTECTION_PRINCIPLES,THIRD,0,1,0
C-496/17,1,C-93/09,2019-01-16,MIXED,0,DATA_PROTECTION_PRINCIPLES,THIRD,0,1,0
C-496/17,1,C-291/12,2019-01-16,MIXED,0,DATA_PROTECTION_PRINCIPLES,THIRD,0,1,0
C-496/17,1,C-201/14,2019-01-16,MIXED,0,DATA_PROTECTION_PRINCIPLES,THIRD,0,1,0
C-496/17,1,C-73/16,2019-01-16,MIXED,0,DATA_PROTECTION_PRINCIPLES,THIRD,0,1,0
C-496/17,1,C-465/00,2019-01-16,MIXED,0,DATA_PROTECTION_PRINCIPLES,THIRD,0,1,0
C-496/17,1,C-138/01,2019-01-16,MIXED,0,DATA_PROTECTION_PRINCIPLES,THIRD,0,1,0
C-496/17,1,C-139/01,2019-01-16,MIXED,0,DATA_PROTECTION_PRINCIPLES,THIRD,0,1,0
C-496/17,1,C-131/12,2019-01-16,MIXED,0,DATA_PROTECTION_PRINCIPLES,THIRD,0,1,0
C-507/23,1,C-300/21,2024-10-04,PRO_CONTROLLER,0,REMEDIES_COMPENSATION,EIGHTH,1,1,0
C-507/23,1,C-182/22,2024-10-04,PRO_CONTROLLER,0,REMEDIES_COMPENSATION,EIGHTH,1,1,0
C-507/23,1,C-189/22,2024-10-04,PRO_CONTROLLER,0,REMEDIES_COMPENSATION,EIGHTH,1,1,0
C-507/23,1,C-590/22,2024-10-04,PRO_CONTROLLER,0,REMEDIES_COMPENSATION,EIGHTH,1,1,0
C-507/23,1,C-456/22,2024-10-04,PRO_CONTROLLER,0,REMEDIES_COMPENSATION,EIGHTH,1,1,0
C-507/23,1,C-741/21,2024-10-04,PRO_CONTROLLER,0,REMEDIES_COMPENSATION,EIGHTH,1,1,0
C-507/23,2,C-300/21,2024-10-04,MIXED,0,REMEDIES_COMPENSATION,EIGHTH,0,1,0
C-507/23,2,C-182/22,2024-10-04,MIXED,0,REMEDIES_COMPENSATION,EIGHTH,0,1,0
C-507/23,2,C-189/22,2024-10-04,MIXED,0,REMEDIES_COMPENSATION,EIGHTH,0,1,0
C-507/23,2,C-590/22,2024-10-04,MIXED,0,REMEDIES_COMPENSATION,EIGHTH,0,1,0
C-507/23,3,C-300/21,2024-10-04,PRO_DATA_SUBJECT,1,REMEDIES_COMPENSATION,EIGHTH,0,1,0
C-507/23,3,C-182/22,2024-10-04,PRO_DATA_SUBJECT,1,REMEDIES_COMPENSATION,EIGHTH,0,1,0
C-507/23,3,C-189/22,2024-10-04,PRO_DATA_SUBJECT,1,REMEDIES_COMPENSATION,EIGHTH,0,1,0
C-507/23,3,C-590/22,2024-10-04,PRO_DATA_SUBJECT,1,REMEDIES_COMPENSATION,EIGHTH,0,1,0
C-507/23,3,C-741/21,2024-10-04,PRO_DATA_SUBJECT,1,REMEDIES_COMPENSATION,EIGHTH,0,1,0
C-534/20,1,C-160/20,2022-06-22,NEUTRAL_OR_UNCLEAR,0,DPA_OTHER,FIRST,1,1,0
C-534/20,1,C-511/18,2022-06-22,NEUTRAL_OR_UNCLEAR,0,DPA_OTHER,FIRST,1,1,0
C-534/20,1,C-512/18,2022-06-22,NEUTRAL_OR_UNCLEAR,0,DPA_OTHER,FIRST,1,1,0
C-534/20,1,C-520/18,2022-06-22,NEUTRAL_OR_UNCLEAR,0,DPA_OTHER,FIRST,1,1,0
C-534/20,1,C-609/17,2022-06-22,NEUTRAL_OR_UNCLEAR,0,DPA_OTHER,FIRST,1,1,0
C-534/20,1,C-610/17,2022-06-22,NEUTRAL_OR_UNCLEAR,0,DPA_OTHER,FIRST,1,1,0
C-579/21,1,C-645/19,2023-06-22,PRO_DATA_SUBJECT,1,RIGHT_OF_ACCESS,FIRST,0,0,0
C-579/21,2,C-154/21,2023-06-22,MIXED,0,RIGHT_OF_ACCESS,FIRST,1,1,1
C-579/21,2,C-487/21,2023-06-22,MIXED,0,RIGHT_OF_ACCESS,FIRST,1,1,1
C-579/21,2,C-311/18,2023-06-22,MIXED,0,RIGHT_OF_ACCESS,FIRST,1,1,1
C-590/22,1,C-300/21,2024-06-20,MIXED,0,REMEDIES_COMPENSATION,THIRD,1,1,0
C-590/22,1,C-741/21,2024-06-20,MIXED,0,REMEDIES_COMPENSATION,THIRD,1,1,0
C-590/22,2,C-300/21,2024-06-20,PRO_DATA_SUBJECT,1,REMEDIES_COMPENSATION,THIRD,1,1,0
C-590/22,2,C-687/21,2024-06-20,PRO_DATA_SUBJECT,1,REMEDIES_COMPENSATION,THIRD,1,1,0
C-590/22,2,C-340/21,2024-06-20,PRO_DATA_SUBJECT,1,REMEDIES_COMPENSATION,THIRD,1,1,0
C-590/22,2,C-741/21,2024-06-20,PRO_DATA_SUBJECT,1,REMEDIES_COMPENSATION,THIRD,1,1,0
C-590/22,3,C-300/21,2024-06-20,PRO_CONTROLLER,0,REMEDIES_COMPENSATION,THIRD,0,1,0
C-590/22,3,C-741/21,2024-06-20,PRO_CONTROLLER,0,REMEDIES_COMPENSATION,THIRD,0,1,0
C-590/22,3,C-667/21,2024-06-20,PRO_CONTROLLER,0,REMEDIES_COMPENSATION,THIRD,0,1,0
C-597/19,1,C-263/18,2021-06-17,PRO_CONTROLLER,0,OTHER,FIFTH,1,1,0
C-597/19,1,C-753/18,2021-06-17,PRO_CONTROLLER,0,OTHER,FIFTH,1,1,0
C-597/19,1,C-161/17,2021-06-17,PRO_CONTROLLER,0,OTHER,FIFTH,1,1,0
C-597/19,1,C-265/16,2021-06-17,PRO_CONTROLLER,0,OTHER,FIFTH,1,1,0
C-597/19,1,C-392/19,2021-06-17,PRO_CONTROLLER,0,OTHER,FIFTH,1,1,0
C-597/19,1,C-610/15,2021-06-17,PRO_CONTROLLER,0,OTHER,FIFTH,1,1,0
C-597/19,2,C-521/17,2021-06-17,MIXED,0,OTHER,FIFTH,1,1,0
C-597/19,2,C-427/15,2021-06-17,MIXED,0,OTHER,FIFTH,1,1,0
C-597/19,2,C-352/13,2021-06-17,MIXED,0,OTHER,FIFTH,1,1,0
C-597/19,2,C-264/19,2021-06-17,MIXED,0,OTHER,FIFTH,1,1,0
C-597/19,3,C-582/14,2021-06-17,MIXED,0,LEGITIMATE_INTERESTS,FIFTH,1,1,0
C-597/19,3,C-13/16,2021-06-17,MIXED,0,LEGITIMATE_INTERESTS,FIFTH,1,1,0
C-597/19,3,C-42/19,2021-06-17,MIXED,0,LEGITIMATE_INTERESTS,FIFTH,1,1,0
C-597/19,3,C-275/06,2021-06-17,MIXED,0,LEGITIMATE_INTERESTS,FIFTH,1,1,0
C-597/19,3,C-511/18,2021-06-17,MIXED,0,LEGITIMATE_INTERESTS,FIFTH,1,1,0
C-597/19,3,C-512/18,2021-06-17,MIXED,0,LEGITIMATE_INTERESTS,FIFTH,1,1,0
C-597/19,3,C-520/18,2021-06-17,MIXED,0,LEGITIMATE_INTERESTS,FIFTH,1,1,0
C-597/19,3,C-207/16,2021-06-17,MIXED,0,LEGITIMATE_INTERESTS,FIFTH,1,1,0
C-597/19,3,C-461/10,2021-06-17,MIXED,0,LEGITIMATE_INTERESTS,FIFTH,1,1,0
C-597/19,3,C-580/13,2021-06-17,MIXED,0,LEGITIMATE_INTERESTS,FIFTH,1,1,0
C-597/19,3,C-746/18,2021-06-17,MIXED,0,LEGITIMATE_INTERESTS,FIFTH,1,1,0
C-597/19,3,C-264/19,2021-06-17,MIXED,0,LEGITIMATE_INTERESTS,FIFTH,1,1,0
C-604/22,1,C-582/14,2024-03-07,PRO_DATA_SUBJECT,1,PERSONAL_DATA_SCOPE,FOURTH,1,1,0
C-604/22,1,C-487/21,2024-03-07,PRO_DATA_SUBJECT,1,PERSONAL_DATA_SCOPE,FOURTH,1,1,0
C-604/22,1,C-579/21,2024-03-07,PRO_DATA_SUBJECT,1,PERSONAL_DATA_SCOPE,FOURTH,1,1,0
C-604/22,1,C-683/21,2024-03-07,PRO_DATA_SUBJECT,1,PERSONAL_DATA_SCOPE,FOURTH,1,1,0
C-604/22,1,C-597/19,2024-03-07,PRO_DATA_SUBJECT,1,PERSONAL_DATA_SCOPE,FOURTH,1,1,0
C-604/22,2,C-210/16,2024-03-07,MIXED,0,JOINT_CONTROLLERS_DEFINITION,FOURTH,1,1,0
C-604/22,2,C-25/17,2024-03-07,MIXED,0,JOINT_CONTROLLERS_DEFINITION,FOURTH,1,1,0
C-604/22,2,C-683/21,2024-03-07,MIXED,0,JOINT_CONTROLLERS_DEFINITION,FOURTH,1,1,0
C-604/22,2,C-40/17,2024-03-07,MIXED,0,JOINT_CONTROLLERS_DEFINITION,FOURTH,1,1,0
C-604/22,2,C-60/22,2024-03-07,MIXED,0,JOINT_CONTROLLERS_DEFINITION,FOURTH,1,1,0
C-61/19,1,C-582/14,2020-11-11,PRO_DATA_SUBJECT,1,CONSENT_BASIS,SECOND,1,1,0
C-61/19,1,C-673/17,2020-11-11,PRO_DATA_SUBJECT,1,CONSENT_BASIS,SECOND,1,1,0
C-621/22,1,C-252/21,2024-10-04,PRO_DATA_SUBJECT,1,LEGITIMATE_INTERESTS,NINTH,1,1,0
C-621/22,1,C-26/22,2024-10-04,PRO_DATA_SUBJECT,1,LEGITIMATE_INTERESTS,NINTH,1,1,0
C-621/22,1,C-64/22,2024-10-04,PRO_DATA_SUBJECT,1,LEGITIMATE_INTERESTS,NINTH,1,1,0
C-621/22,1,C-604/22,2024-10-04,PRO_DATA_SUBJECT,1,LEGITIMATE_INTERESTS,NINTH,1,1,0
C-621/22,1,C-511/18,2024-10-04,PRO_DATA_SUBJECT,1,LEGITIMATE_INTERESTS,NINTH,1,1,0
C-621/22,1,C-512/18,2024-10-04,PRO_DATA_SUBJECT,1,LEGITIMATE_INTERESTS,NINTH,1,1,0
C-621/22,1,C-520/18,2024-10-04,PRO_DATA_SUBJECT,1,LEGITIMATE_INTERESTS,NINTH,1,1,0
C-621/22,1,C-757/22,2024-10-04,PRO_DATA_SUBJECT,1,LEGITIMATE_INTERESTS,NINTH,1,1,0
C-621/22,1,C-131/12,2024-10-04,PRO_DATA_SUBJECT,1,LEGITIMATE_INTERESTS,NINTH,1,1,0
C-621/22,1,C-35/23,2024-10-04,PRO_DATA_SUBJECT,1,LEGITIMATE_INTERESTS,NINTH,1,1,0
C-621/22,1,C-17/22,2024-10-04,PRO_DATA_SUBJECT,1,LEGITIMATE_INTERESTS,NINTH,1,1,0
C-621/22,1,C-18/22,2024-10-04,PRO_DATA_SUBJECT,1,LEGITIMATE_INTERESTS,NINTH,1,1,0
C-634/21,1,C-702/20,2023-12-07,PRO_DATA_SUBJECT,1,AUTOMATED_DECISION_MAKING,FIRST,1,1,1
C-634/21,1,C-17/21,2023-12-07,PRO_DATA_SUBJECT,1,AUTOMATED_DECISION_MAKING,FIRST,1,1,1
C-634/21,1,C-579/21,2023-12-07,PRO_DATA_SUBJECT,1,AUTOMATED_DECISION_MAKING,FIRST,1,1,1
C-634/21,1,C-26/22,2023-12-07,PRO_DATA_SUBJECT,1,AUTOMATED_DECISION_MAKING,FIRST,1,1,1
C-634/21,1,C-64/22,2023-12-07,PRO_DATA_SUBJECT,1,AUTOMATED_DECISION_MAKING,FIRST,1,1,1
C-634/21,1,C-77/21,2023-12-07,PRO_DATA_SUBJECT,1,AUTOMATED_DECISION_MAKING,FIRST,1,1,1
C-634/21,1,C-582/14,2023-12-07,PRO_DATA_SUBJECT,1,AUTOMATED_DECISION_MAKING,FIRST,1,1,1
C-638/23,1,C-683/21,2025-02-27,MIXED,0,CONTROLLER_DEFINITION,EIGHTH,1,1,0
C-638/23,1,C-807/21,2025-02-27,MIXED,0,CONTROLLER_DEFINITION,EIGHTH,1,1,0
C-638/23,1,C-604/22,2025-02-27,MIXED,0,CONTROLLER_DEFINITION,EIGHTH,1,1,0
C-638/23,1,C-231/22,2025-02-27,MIXED,0,CONTROLLER_DEFINITION,EIGHTH,1,1,0
C-645/19,1,C-311/18,2021-06-15,MIXED,0,ONE_STOP_SHOP,GRAND_CHAMBER,1,1,0
C-645/19,1,C-210/16,2021-06-15,MIXED,0,ONE_STOP_SHOP,GRAND_CHAMBER,1,1,0
C-645/19,1,C-507/17,2021-06-15,MIXED,0,ONE_STOP_SHOP,GRAND_CHAMBER,1,1,0
C-645/19,3,C-210/16,2021-06-15,PRO_DATA_SUBJECT,1,DPA_POWERS,GRAND_CHAMBER,1,1,0
C-645/19,4,C-129/20,2021-06-15,PRO_DATA_SUBJECT,1,DPA_POWERS,GRAND_CHAMBER,0,0,0
C-645/19,5,C-528/15,2021-06-15,PRO_DATA_SUBJECT,1,DPA_POWERS,GRAND_CHAMBER,0,0,0
C-65/23,1,C-34/21,2024-12-19,PRO_DATA_SUBJECT,1,MEMBER_STATE_DISCRETION,EIGHTH,1,1,0
C-65/23,1,C-268/21,2024-12-19,PRO_DATA_SUBJECT,1,MEMBER_STATE_DISCRETION,EIGHTH,1,1,0
C-65/23,1,C-757/22,2024-12-19,PRO_DATA_SUBJECT,1,MEMBER_STATE_DISCRETION,EIGHTH,1,1,0
C-65/23,1,C-667/21,2024-12-19,PRO_DATA_SUBJECT,1,MEMBER_STATE_DISCRETION,EIGHTH,1,1,0
C-65/23,1,C-21/23,2024-12-19,PRO_DATA_SUBJECT,1,MEMBER_STATE_DISCRETION,EIGHTH,1,1,0
C-65/23,2,C-34/21,2024-12-19,PRO_DATA_SUBJECT,1,MEMBER_STATE_DISCRETION,EIGHTH,1,1,1
C-655/23,1,C-21/23,2025-09-04,MIXED,0,REMEDIES_COMPENSATION,FOURTH,1,1,0
C-655/23,1,C-659/22,2025-09-04,MIXED,0,REMEDIES_COMPENSATION,FOURTH,1,1,0
C-655/23,1,C-507/23,2025-09-04,MIXED,0,REMEDIES_COMPENSATION,FOURTH,1,1,0
C-655/23,1,C-710/23,2025-09-04,MIXED,0,REMEDIES_COMPENSATION,FOURTH,1,1,0
C-655/23,1,C-530/23,2025-09-04,MIXED,0,REMEDIES_COMPENSATION,FOURTH,1,1,0
C-655/23,2,C-687/21,2025-09-04,PRO_DATA_SUBJECT,1,REMEDIES_COMPENSATION,FOURTH,1,1,0
C-655/23,2,C-200/23,2025-09-04,PRO_DATA_SUBJECT,1,REMEDIES_COMPENSATION,FOURTH,1,1,0
C-655/23,2,C-300/21,2025-09-04,PRO_DATA_SUBJECT,1,REMEDIES_COMPENSATION,FOURTH,1,1,0
C-655/23,2,C-590/22,2025-09-04,PRO_DATA_SUBJECT,1,REMEDIES_COMPENSATION,FOURTH,1,1,0
C-655/23,2,C-456/22,2025-09-04,PRO_DATA_SUBJECT,1,REMEDIES_COMPENSATION,FOURTH,1,1,0
C-655/23,3,C-300/21,2025-09-04,PRO_CONTROLLER,0,REMEDIES_COMPENSATION,FOURTH,1,1,0
C-655/23,3,C-507/23,2025-09-04,PRO_CONTROLLER,0,REMEDIES_COMPENSATION,FOURTH,1,1,0
C-655/23,3,C-200/23,2025-09-04,PRO_CONTROLLER,0,REMEDIES_COMPENSATION,FOURTH,1,1,0
C-655/23,4,C-200/23,2025-09-04,PRO_DATA_SUBJECT,1,REMEDIES_COMPENSATION,FOURTH,1,1,0
C-655/23,4,C-507/23,2025-09-04,PRO_DATA_SUBJECT,1,REMEDIES_COMPENSATION,FOURTH,1,1,0
C-659/22,1,C-175/20,2023-10-05,PRO_DATA_SUBJECT,1,SCOPE_MATERIAL,EIGHTH,1,1,0
C-659/22,1,C-439/19,2023-10-05,PRO_DATA_SUBJECT,1,SCOPE_MATERIAL,EIGHTH,1,1,0
C-659/22,1,C-60/22,2023-10-05,PRO_DATA_SUBJECT,1,SCOPE_MATERIAL,EIGHTH,1,1,0
C-667/21,1,C-449/21,2023-12-21,PRO_CONTROLLER,0,SPECIAL_CATEGORIES_CONDITIONS,THIRD,1,1,0
C-667/21,1,C-204/21,2023-12-21,PRO_CONTROLLER,0,SPECIAL_CATEGORIES_CONDITIONS,THIRD,1,1,0
C-667/21,1,C-252/21,2023-12-21,PRO_CONTROLLER,0,SPECIAL_CATEGORIES_CONDITIONS,THIRD,1,1,0
C-667/21,1,C-136/17,2023-12-21,PRO_CONTROLLER,0,SPECIAL_CATEGORIES_CONDITIONS,THIRD,1,1,0
C-667/21,1,C-579/21,2023-12-21,PRO_CONTROLLER,0,SPECIAL_CATEGORIES_CONDITIONS,THIRD,1,1,0
C-667/21,1,C-597/19,2023-12-21,PRO_CONTROLLER,0,SPECIAL_CATEGORIES_CONDITIONS,THIRD,1,1,0
C-667/21,2,C-34/21,2023-12-21,MIXED,0,SPECIAL_CATEGORIES_CONDITIONS,THIRD,0,0,0
C-667/21,3,C-60/22,2023-12-21,PRO_DATA_SUBJECT,1,SPECIAL_CATEGORIES_CONDITIONS,THIRD,0,0,0
C-667/21,3,C-252/21,2023-12-21,PRO_DATA_SUBJECT,1,SPECIAL_CATEGORIES_CONDITIONS,THIRD,0,0,0
C-667/21,4,C-300/21,2023-12-21,PRO_CONTROLLER,0,REMEDIES_COMPENSATION,THIRD,0,1,0
C-667/21,5,C-300/21,2023-12-21,MIXED,0,REMEDIES_COMPENSATION,THIRD,1,1,0
C-667/21,5,C-340/21,2023-12-21,MIXED,0,REMEDIES_COMPENSATION,THIRD,1,1,0
C-673/17,1,C-129/18,2019-10-01,PRO_DATA_SUBJECT,1,CONSENT_BASIS,GRAND_CHAMBER,1,1,0
C-673/17,1,C-483/17,2019-10-01,PRO_DATA_SUBJECT,1,CONSENT_BASIS,GRAND_CHAMBER,1,1,0
C-673/17,1,C-621/18,2019-10-01,PRO_DATA_SUBJECT,1,CONSENT_BASIS,GRAND_CHAMBER,1,1,0
C-673/17,1,C-468/10,2019-10-01,PRO_DATA_SUBJECT,1,CONSENT_BASIS,GRAND_CHAMBER,1,1,0
C-673/17,1,C-469/10,2019-10-01,PRO_DATA_SUBJECT,1,CONSENT_BASIS,GRAND_CHAMBER,1,1,0
C-673/17,1,C-582/14,2019-10-01,PRO_DATA_SUBJECT,1,CONSENT_BASIS,GRAND_CHAMBER,1,1,0
C-683/21,1,C-40/17,2023-12-05,PRO_DATA_SUBJECT,1,CONTROLLER_DEFINITION,GRAND_CHAMBER,1,1,0
C-683/21,1,C-319/20,2023-12-05,PRO_DATA_SUBJECT,1,CONTROLLER_DEFINITION,GRAND_CHAMBER,1,1,0
C-683/21,1,C-25/17,2023-12-05,PRO_DATA_SUBJECT,1,CONTROLLER_DEFINITION,GRAND_CHAMBER,1,1,0
C-683/21,2,C-40/17,2023-12-05,PRO_DATA_SUBJECT,1,JOINT_CONTROLLERS_DEFINITION,GRAND_CHAMBER,0,0,0
C-683/21,2,C-210/16,2023-12-05,PRO_DATA_SUBJECT,1,JOINT_CONTROLLERS_DEFINITION,GRAND_CHAMBER,0,0,0
C-683/21,2,C-25/17,2023-12-05,PRO_DATA_SUBJECT,1,JOINT_CONTROLLERS_DEFINITION,GRAND_CHAMBER,0,0,0
C-683/21,3,C-175/20,2023-12-05,PRO_DATA_SUBJECT,1,PERSONAL_DATA_SCOPE,GRAND_CHAMBER,0,0,0
C-683/21,4,C-319/20,2023-12-05,MIXED,0,ADMINISTRATIVE_FINES,GRAND_CHAMBER,1,1,0
C-683/21,4,C-300/21,2023-12-05,MIXED,0,ADMINISTRATIVE_FINES,GRAND_CHAMBER,1,1,0
C-683/21,4,C-681/11,2023-12-05,MIXED,0,ADMINISTRATIVE_FINES,GRAND_CHAMBER,1,1,0
C-683/21,4,C-591/16 P,2023-12-05,MIXED,0,ADMINISTRATIVE_FINES,GRAND_CHAMBER,1,1,0
C-683/21,4,C-601/16 P,2023-12-05,MIXED,0,ADMINISTRATIVE_FINES,GRAND_CHAMBER,1,1,0
C-683/21,4,100/80 to 103/80,2023-12-05,MIXED,0,ADMINISTRATIVE_FINES,GRAND_CHAMBER,1,1,0
C-683/21,4,C-94/15 P,2023-12-05,MIXED,0,ADMINISTRATIVE_FINES,GRAND_CHAMBER,1,1,0
C-687/21,1,C-340/21,2024-01-25,PRO_CONTROLLER,0,SECURITY,THIRD,1,1,0
C-687/21,2,C-300/21,2024-01-25,NEUTRAL_OR_UNCLEAR,0,REMEDIES_COMPENSATION,THIRD,0,1,0
C-687/21,2,C-667/21,2024-01-25,NEUTRAL_OR_UNCLEAR,0,REMEDIES_COMPENSATION,THIRD,0,1,0
C-687/21,3,C-667/21,2024-01-25,PRO_CONTROLLER,0,REMEDIES_COMPENSATION,THIRD,0,1,0
C-687/21,4,C-300/21,2024-01-25,PRO_CONTROLLER,0,REMEDIES_COMPENSATION,THIRD,0,1,0
C-687/21,4,C-340/21,2024-01-25,PRO_CONTROLLER,0,REMEDIES_COMPENSATION,THIRD,0,1,0
C-687/21,4,C-456/22,2024-01-25,PRO_CONTROLLER,0,REMEDIES_COMPENSATION,THIRD,0,1,0
C-687/21,4,C-667/21,2024-01-25,PRO_CONTROLLER,0,REMEDIES_COMPENSATION,THIRD,0,1,0
C-687/21,5,C-300/21,2024-01-25,PRO_CONTROLLER,0,REMEDIES_COMPENSATION,THIRD,1,1,0
C-687/21,5,C-340/21,2024-01-25,PRO_CONTROLLER,0,REMEDIES_COMPENSATION,THIRD,1,1,0
C-687/21,5,C-456/22,2024-01-25,PRO_CONTROLLER,0,REMEDIES_COMPENSATION,THIRD,1,1,0
C-710/23,1,C-604/22,2025-04-03,PRO_DATA_SUBJECT,1,PERSONAL_DATA_SCOPE,FIRST,1,1,0
C-710/23,1,C-200/23,2025-04-03,PRO_DATA_SUBJECT,1,PERSONAL_DATA_SCOPE,FIRST,1,1,0
C-710/23,1,C-398/15,2025-04-03,PRO_DATA_SUBJECT,1,PERSONAL_DATA_SCOPE,FIRST,1,1,0
C-710/23,1,C-740/22,2025-04-03,PRO_DATA_SUBJECT,1,PERSONAL_DATA_SCOPE,FIRST,1,1,0
C-710/23,1,C-394/23,2025-04-03,PRO_DATA_SUBJECT,1,PERSONAL_DATA_SCOPE,FIRST,1,1,0
C-710/23,2,C-394/23,2025-04-03,MIXED,0,MEMBER_STATE_DISCRETION,FIRST,1,1,1
C-710/23,2,C-37/20,2025-04-03,MIXED,0,MEMBER_STATE_DISCRETION,FIRST,1,1,1
C-710/23,2,C-601/20,2025-04-03,MIXED,0,MEMBER_STATE_DISCRETION,FIRST,1,1,1
C-710/23,2,C-34/21,2025-04-03,MIXED,0,MEMBER_STATE_DISCRETION,FIRST,1,1,1
C-710/23,2,C-667/21,2025-04-03,MIXED,0,MEMBER_STATE_DISCRETION,FIRST,1,1,1
C-740/22,1,C-175/20,2024-03-07,PRO_DATA_SUBJECT,1,PERSONAL_DATA_SCOPE,SIXTH,1,1,0
C-740/22,1,C-579/21,2024-03-07,PRO_DATA_SUBJECT,1,PERSONAL_DATA_SCOPE,SIXTH,1,1,0
C-740/22,1,C-25/17,2024-03-07,PRO_DATA_SUBJECT,1,PERSONAL_DATA_SCOPE,SIXTH,1,1,0
C-740/22,1,C-60/22,2024-03-07,PRO_DATA_SUBJECT,1,PERSONAL_DATA_SCOPE,SIXTH,1,1,0
C-740/22,2,C-439/19,2024-03-07,PRO_DATA_SUBJECT,1,SPECIAL_CATEGORIES_CONDITIONS,SIXTH,1,1,1
C-740/22,2,C-634/21,2024-03-07,PRO_DATA_SUBJECT,1,SPECIAL_CATEGORIES_CONDITIONS,SIXTH,1,1,1
C-740/22,2,C-229/21,2024-03-07,PRO_DATA_SUBJECT,1,SPECIAL_CATEGORIES_CONDITIONS,SIXTH,1,1,1
C-740/22,2,C-34/21,2024-03-07,PRO_DATA_SUBJECT,1,SPECIAL_CATEGORIES_CONDITIONS,SIXTH,1,1,1
C-740/22,2,C-268/21,2024-03-07,PRO_DATA_SUBJECT,1,SPECIAL_CATEGORIES_CONDITIONS,SIXTH,1,1,1
C-741/21,1,C-300/21,2024-04-11,PRO_CONTROLLER,0,REMEDIES_COMPENSATION,THIRD,1,1,0
C-741/21,1,C-687/21,2024-04-11,PRO_CONTROLLER,0,REMEDIES_COMPENSATION,THIRD,1,1,0
C-741/21,2,C-667/21,2024-04-11,PRO_DATA_SUBJECT,1,REMEDIES_COMPENSATION,THIRD,1,1,0
C-741/21,2,C-579/21,2024-04-11,PRO_DATA_SUBJECT,1,REMEDIES_COMPENSATION,THIRD,1,1,0
C-741/21,2,C-340/21,2024-04-11,PRO_DATA_SUBJECT,1,REMEDIES_COMPENSATION,THIRD,1,1,0
C-741/21,3,C-667/21,2024-04-11,PRO_CONTROLLER,0,REMEDIES_COMPENSATION,THIRD,0,1,0
C-741/21,3,C-687/21,2024-04-11,PRO_CONTROLLER,0,REMEDIES_COMPENSATION,THIRD,0,1,0
C-757/22,1,C-319/20,2024-07-11,PRO_DATA_SUBJECT,1,REPRESENTATIVE_ACTIONS,FOURTH,1,1,0
C-757/22,1,C-604/22,2024-07-11,PRO_DATA_SUBJECT,1,REPRESENTATIVE_ACTIONS,FOURTH,1,1,0
C-757/22,1,C-511/18,2024-07-11,PRO_DATA_SUBJECT,1,REPRESENTATIVE_ACTIONS,FOURTH,1,1,0
C-757/22,1,C-512/18,2024-07-11,PRO_DATA_SUBJECT,1,REPRESENTATIVE_ACTIONS,FOURTH,1,1,0
C-757/22,1,C-520/18,2024-07-11,PRO_DATA_SUBJECT,1,REPRESENTATIVE_ACTIONS,FOURTH,1,1,0
C-757/22,1,C-175/20,2024-07-11,PRO_DATA_SUBJECT,1,REPRESENTATIVE_ACTIONS,FOURTH,1,1,0
C-757/22,1,C-579/21,2024-07-11,PRO_DATA_SUBJECT,1,REPRESENTATIVE_ACTIONS,FOURTH,1,1,0
C-757/22,1,C-487/21,2024-07-11,PRO_DATA_SUBJECT,1,REPRESENTATIVE_ACTIONS,FOURTH,1,1,0
C-768/21,1,C-311/18,2024-09-26,PRO_CONTROLLER,0,DPA_POWERS,FIRST,1,1,0
C-768/21,1,C-26/22,2024-09-26,PRO_CONTROLLER,0,DPA_POWERS,FIRST,1,1,0
C-768/21,1,C-64/22,2024-09-26,PRO_CONTROLLER,0,DPA_POWERS,FIRST,1,1,0
C-768/21,1,C-683/21,2024-09-26,PRO_CONTROLLER,0,DPA_POWERS,FIRST,1,1,0
C-768/21,1,C-46/23,2024-09-26,PRO_CONTROLLER,0,DPA_POWERS,FIRST,1,1,0
C-77/21,1,C-311/18,2022-10-20,PRO_CONTROLLER,0,DATA_PROTECTION_PRINCIPLES,FIRST,1,1,0
C-77/21,1,C-567/20,2022-10-20,PRO_CONTROLLER,0,DATA_PROTECTION_PRINCIPLES,FIRST,1,1,0
C-77/21,1,C-175/20,2022-10-20,PRO_CONTROLLER,0,DATA_PROTECTION_PRINCIPLES,FIRST,1,1,0
C-77/21,1,C-352/20,2022-10-20,PRO_CONTROLLER,0,DATA_PROTECTION_PRINCIPLES,FIRST,1,1,0
C-77/21,1,C-249/21,2022-10-20,PRO_CONTROLLER,0,DATA_PROTECTION_PRINCIPLES,FIRST,1,1,0
C-77/21,2,C-136/17,2022-10-20,PRO_DATA_SUBJECT,1,DATA_PROTECTION_PRINCIPLES,FIRST,1,1,0
C-77/21,2,C-553/07,2022-10-20,PRO_DATA_SUBJECT,1,DATA_PROTECTION_PRINCIPLES,FIRST,1,1,0
C-77/21,2,C-439/19,2022-10-20,PRO_DATA_SUBJECT,1,DATA_PROTECTION_PRINCIPLES,FIRST,1,1,0
C-77/21,2,C-175/20,2022-10-20,PRO_DATA_SUBJECT,1,DATA_PROTECTION_PRINCIPLES,FIRST,1,1,0
C-77/21,2,C-232/20,2022-10-20,PRO_DATA_SUBJECT,1,DATA_PROTECTION_PRINCIPLES,FIRST,1,1,0
C-807/21,1,C-40/17,2023-12-05,PRO_DATA_SUBJECT,1,ADMINISTRATIVE_FINES,GRAND_CHAMBER,1,1,1
C-807/21,1,C-319/20,2023-12-05,PRO_DATA_SUBJECT,1,ADMINISTRATIVE_FINES,GRAND_CHAMBER,1,1,1
C-807/21,1,C-25/17,2023-12-05,PRO_DATA_SUBJECT,1,ADMINISTRATIVE_FINES,GRAND_CHAMBER,1,1,1
C-807/21,1,C-539/10 P,2023-12-05,PRO_DATA_SUBJECT,1,ADMINISTRATIVE_FINES,GRAND_CHAMBER,1,1,1
C-807/21,1,C-550/10 P,2023-12-05,PRO_DATA_SUBJECT,1,ADMINISTRATIVE_FINES,GRAND_CHAMBER,1,1,1
C-807/21,1,C-882/19,2023-12-05,PRO_DATA_SUBJECT,1,ADMINISTRATIVE_FINES,GRAND_CHAMBER,1,1,1
C-807/21,2,C-683/21,2023-12-05,PRO_CONTROLLER,0,ADMINISTRATIVE_FINES,GRAND_CHAMBER,1,1,0
C-807/21,2,C-681/11,2023-12-05,PRO_CONTROLLER,0,ADMINISTRATIVE_FINES,GRAND_CHAMBER,1,1,0
C-807/21,2,C-591/16 P,2023-12-05,PRO_CONTROLLER,0,ADMINISTRATIVE_FINES,GRAND_CHAMBER,1,1,0
C-807/21,2,C-601/16 P,2023-12-05,PRO_CONTROLLER,0,ADMINISTRATIVE_FINES,GRAND_CHAMBER,1,1,0
C-807/21,2,100/80,2023-12-05,PRO_CONTROLLER,0,ADMINISTRATIVE_FINES,GRAND_CHAMBER,1,1,0
C-807/21,2,103/80,2023-12-05,PRO_CONTROLLER,0,ADMINISTRATIVE_FINES,GRAND_CHAMBER,1,1,0
C-807/21,2,C-94/15 P,2023-12-05,PRO_CONTROLLER,0,ADMINISTRATIVE_FINES,GRAND_CHAMBER,1,1,0
C-817/19,1,C-317/04,2022-06-21,NEUTRAL_OR_UNCLEAR,0,SCOPE_MATERIAL,GRAND_CHAMBER,0,1,0
C-817/19,1,C-318/04,2022-06-21,NEUTRAL_OR_UNCLEAR,0,SCOPE_MATERIAL,GRAND_CHAMBER,0,1,0
C-817/19,1,C-511/18,2022-06-21,NEUTRAL_OR_UNCLEAR,0,SCOPE_MATERIAL,GRAND_CHAMBER,0,1,0
C-817/19,1,C-512/18,2022-06-21,NEUTRAL_OR_UNCLEAR,0,SCOPE_MATERIAL,GRAND_CHAMBER,0,1,0
C-817/19,1,C-520/18,2022-06-21,NEUTRAL_OR_UNCLEAR,0,SCOPE_MATERIAL,GRAND_CHAMBER,0,1,0
C-817/19,1,C-439/19,2022-06-21,NEUTRAL_OR_UNCLEAR,0,SCOPE_MATERIAL,GRAND_CHAMBER,0,1,0
C-817/19,2,C-293/12,2022-06-21,PRO_DATA_SUBJECT,1,DATA_PROTECTION_PRINCIPLES,GRAND_CHAMBER,1,1,1
C-817/19,2,C-594/12,2022-06-21,PRO_DATA_SUBJECT,1,DATA_PROTECTION_PRINCIPLES,GRAND_CHAMBER,1,1,1
C-817/19,2,C-131/12,2022-06-21,PRO_DATA_SUBJECT,1,DATA_PROTECTION_PRINCIPLES,GRAND_CHAMBER,1,1,1
C-817/19,2,C-362/14,2022-06-21,PRO_DATA_SUBJECT,1,DATA_PROTECTION_PRINCIPLES,GRAND_CHAMBER,1,1,1
C-817/19,2,C-511/18,2022-06-21,PRO_DATA_SUBJECT,1,DATA_PROTECTION_PRINCIPLES,GRAND_CHAMBER,1,1,1
C-817/19,2,C-512/18,2022-06-21,PRO_DATA_SUBJECT,1,DATA_PROTECTION_PRINCIPLES,GRAND_CHAMBER,1,1,1
C-817/19,2,C-520/18,2022-06-21,PRO_DATA_SUBJECT,1,DATA_PROTECTION_PRINCIPLES,GRAND_CHAMBER,1,1,1
C-817/19,2,C-623/17,2022-06-21,PRO_DATA_SUBJECT,1,DATA_PROTECTION_PRINCIPLES,GRAND_CHAMBER,1,1,1
C-817/19,2,C-140/20,2022-06-21,PRO_DATA_SUBJECT,1,DATA_PROTECTION_PRINCIPLES,GRAND_CHAMBER,1,1,1
C-817/19,2,C-207/16,2022-06-21,PRO_DATA_SUBJECT,1,DATA_PROTECTION_PRINCIPLES,GRAND_CHAMBER,1,1,1
C-817/19,2,C-70/18,2022-06-21,PRO_DATA_SUBJECT,1,DATA_PROTECTION_PRINCIPLES,GRAND_CHAMBER,1,1,1
C-817/19,2,C-481/19,2022-06-21,PRO_DATA_SUBJECT,1,DATA_PROTECTION_PRINCIPLES,GRAND_CHAMBER,1,1,1
C-817/19,2,C-601/15,2022-06-21,PRO_DATA_SUBJECT,1,DATA_PROTECTION_PRINCIPLES,GRAND_CHAMBER,1,1,1
C-817/19,2,C-133/19,2022-06-21,PRO_DATA_SUBJECT,1,DATA_PROTECTION_PRINCIPLES,GRAND_CHAMBER,1,1,1
C-817/19,2,C-136/19,2022-06-21,PRO_DATA_SUBJECT,1,DATA_PROTECTION_PRINCIPLES,GRAND_CHAMBER,1,1,1
C-817/19,2,C-137/19,2022-06-21,PRO_DATA_SUBJECT,1,DATA_PROTECTION_PRINCIPLES,GRAND_CHAMBER,1,1,1
C-817/19,4,C-140/20,2022-06-21,PRO_DATA_SUBJECT,1,DPA_INDEPENDENCE,GRAND_CHAMBER,1,1,0
C-817/19,5,C-511/18,2022-06-21,PRO_DATA_SUBJECT,1,DATA_PROTECTION_PRINCIPLES,GRAND_CHAMBER,1,1,1
C-817/19,5,C-512/18,2022-06-21,PRO_DATA_SUBJECT,1,DATA_PROTECTION_PRINCIPLES,GRAND_CHAMBER,1,1,1
C-817/19,5,C-520/18,2022-06-21,PRO_DATA_SUBJECT,1,DATA_PROTECTION_PRINCIPLES,GRAND_CHAMBER,1,1,1
C-817/19,5,C-140/20,2022-06-21,PRO_DATA_SUBJECT,1,DATA_PROTECTION_PRINCIPLES,GRAND_CHAMBER,1,1,1
C-817/19,7,C-541/15,2022-06-21,PRO_DATA_SUBJECT,1,SCOPE_MATERIAL,GRAND_CHAMBER,1,1,1
C-817/19,7,C-454/19,2022-06-21,PRO_DATA_SUBJECT,1,SCOPE_MATERIAL,GRAND_CHAMBER,1,1,1
C-817/19,7,C-673/16,2022-06-21,PRO_DATA_SUBJECT,1,SCOPE_MATERIAL,GRAND_CHAMBER,1,1,1
C-817/19,7,C-490/20,2022-06-21,PRO_DATA_SUBJECT,1,SCOPE_MATERIAL,GRAND_CHAMBER,1,1,1
C-817/19,7,C-511/18,2022-06-21,PRO_DATA_SUBJECT,1,SCOPE_MATERIAL,GRAND_CHAMBER,1,1,1
C-817/19,7,C-512/18,2022-06-21,PRO_DATA_SUBJECT,1,SCOPE_MATERIAL,GRAND_CHAMBER,1,1,1
C-817/19,7,C-520/18,2022-06-21,PRO_DATA_SUBJECT,1,SCOPE_MATERIAL,GRAND_CHAMBER,1,1,1
C-817/19,7,C-140/20,2022-06-21,PRO_DATA_SUBJECT,1,SCOPE_MATERIAL,GRAND_CHAMBER,1,1,1
C-817/19,8,C-411/17,2022-06-21,PRO_DATA_SUBJECT,1,REMEDIES_COMPENSATION,GRAND_CHAMBER,1,1,0
C-817/19,8,C-140/20,2022-06-21,PRO_DATA_SUBJECT,1,REMEDIES_COMPENSATION,GRAND_CHAMBER,1,1,0
C-817/19,8,C-746/18,2022-06-21,PRO_DATA_SUBJECT,1,REMEDIES_COMPENSATION,GRAND_CHAMBER,1,1,0
